Workbook

Sheet Sheet1
A2: Business_Unit_17 | B2: (All)
A4: Row Labels | B4: Sum of Increment_17 | C4: Sum of Salary_17
A5: 0 | B5: 0 | C5: 0
A6: Administration | B6: 30500 | C6: 507500
A7: Audit | B7: 33000 | C7: 391000
A8: Civil | B8: 40000 | C8: 270000
A9: Commercial | B9: 134000 | C9: 1115000
A10: Export Import Audit | B10: 20000 | C10: 120000
A11: Finance & Accounts | B11: 59000 | C11: 844000
A12: Import | B12: 11000 | C12: 125000
A13: Inactive | B13: 0 | C13: 0
A14: Information Technology | B14: 11000 | C14: 143000
A15: Marketing & Sales | B15: 60000 | C15: 648000
A16: Procurement | B16: 30000 | C16: 344000
A17: Transport | B17: 6000 | C17: 86000
... A19: Grand Total | B19: 439500 | C19: 4645500

Sheet DataBase
A1: SL | B1: ID | C1: Name | D1: DOJ | E1: Increment_16 | F1: Emp_Status | G1: Business_Unit_17 | H1: Department_17 | I1: Position_17 | J1: Increment_17 | K1: Promotion_17 | L1: Salary_17 | M1: Remarks_17 | N1: Emp_Status | O1: Business_Unit_18 | P1: Department_18 | Q1: Position_18 | R1: Previous Salary_18 | S1: Increment_18 | T1: Promotion_18 | U1: Perc_18 | V1: Salary_18 | W1: Remarks_18 | X1: Employment | Y1: Business_Unit_20 | Z1: Department_20 | AA1: Position_20 | AB1: Previous Salary_20 | AC1: Increment_20 | AD1: Promotion_20 | AE1: Perc_20 | AF1: Salary_20 | AG1: Remarks_20
B2: 10062011 | C2: Md. Kamruzzaman | E2: 9000 | F2: Active | G2: BTL/KYL | H2: Marketing & Sales | I2: Manager | J2: 10000 | L2: 102000 | N2: Active | O2: BTL/KYL | P2: Marketing & Sales | Q2: Head of Marketing & Sales | R2: =V2-S2 -> 102000 | S2: 48000 | U2: =S2/R2 -> 0.47058824 | V2: =L2+S2 -> 150000 | W2: AE: 25k, SP: 23k | X2: Active | Y2: BTL/KYL | Z2: Marketing & Sales | AA2: Head of Marketing | AB2: =AF2-AC2 -> 150000 | AC2: 25000 | AE2: =AC2/AB2 -> 0.16666667 | AF2: =V2+AC2 -> 175000
B3: 20042012 | C3: Mohammed Nurul Akter Chowdhury | E3: 5000 | F3: Active | G3: BTL/KYL | H3: Marketing & Sales | I3: Manager | J3: 10000 | L3: 100000 | N3: Active | O3: BTL/KYL | P3: Marketing & Sales | Q3: Head of Marketing (Rotor) | R3: =V3-S3 -> 100000 | S3: 20000 | U3: =S3/R3 -> 0.2 | V3: =L3+S3 -> 120000 | X3: Active | Y3: BTL/KYL | Z3: Marketing & Sales | AA3: Head of Marketing - Woven | AB3: =AF3-AC3 -> 120000 | AC3: 25000 | AE3: =AC3/AB3 -> 0.20833333 | AF3: =V3+AC3 -> 145000
B4: 10042008 | C4: Liton Apu Biswas | E4: 3000 | F4: Active | G4: BTL/KYL | H4: Marketing & Sales | I4: Manager | J4: 10000 | L4: 100000 | N4: Active | O4: BTL/KYL | P4: Marketing & Sales | Q4: Head of Marketing (North Zone) | R4: =V4-S4 -> 100000 | S4: 20000 | U4: =S4/R4 -> 0.2 | V4: =L4+S4 -> 120000 | X4: Active | Y4: BTL/KYL | Z4: Marketing & Sales | AA4: Head of Marketing - North | AB4: =AF4-AC4 -> 120000 | AC4: 25000 | AE4: =AC4/AB4 -> 0.20833333 | AF4: =V4+AC4 -> 145000
B5: 10052012 | C5: Md. Abdul Maleque | E5: 10000 | F5: Active | G5: BTL/KYL | H5: Marketing & Sales | I5: Manager | J5: 10000 | L5: 90000 | N5: Active | O5: BTL/KYL | P5: Marketing & Sales | Q5: Head of Marketing (Middle Zone) | R5: =V5-S5 -> 90000 | S5: 20000 | U5: =S5/R5 -> 0.22222222 | V5: =L5+S5 -> 110000 | X5: Active | Y5: BTL/KYL | Z5: Marketing & Sales | AA5: Head of Marketing - Middle | AB5: =AF5-AC5 -> 110000 | AC5: 40000 | AE5: =AC5/AB5 -> 0.36363636 | AF5: =V5+AC5 -> 150000
B6: 20532015 | C6: Md. Mahmudul Alam Chapol | E6: 5000 | F6: Active | G6: BTL/KYL | H6: Marketing & Sales | I6: Assistant Manager | J6: 5000 | L6: 60000 | N6: Active | O6: BTL/KYL | P6: Marketing & Sales | Q6: Assistant Manager | R6: =V6-S6 -> 60000 | S6: 10000 | U6: =S6/R6 -> 0.16666667 | V6: =L6+S6 -> 70000 | X6: Inactive | AF6: =V6+AC6 -> 70000
B7: 21072016 | C7: Md. Alamgir Mia | E7: 0 | F7: Active | G7: BTL/KYL | H7: Marketing & Sales | I7: Assistant Manager | L7: 54000 | N7: Active | O7: BTL/KYL | P7: Marketing & Sales | Q7: Assistant Manager | R7: =V7-S7 -> 54000 | S7: 4000 | U7: =S7/R7 -> 0.074074074 | V7: =L7+S7 -> 58000 | X7: Active | Y7: BTL/KYL | Z7: Marketing & Sales | AA7: Assistant Manager | AB7: =AF7-AC7 -> 58000 | AC7: 10000 | AE7: =AC7/AB7 -> 0.17241379 | AF7: =V7+AC7 -> 68000
B8: 10132009 | C8: Ahsan Shiblee | E8: 4000 | F8: Active | G8: BTL/KYL | H8: Marketing & Sales | I8: Assistant Manager | J8: 5000 | L8: 45000 | N8: Active | O8: BTL/KYL | P8: Marketing & Sales | Q8: Assistant Manager | R8: =V8-S8 -> 45000 | S8: 5000 | U8: =S8/R8 -> 0.11111111 | V8: =L8+S8 -> 50000 | X8: Active | Y8: BTL/KYL | Z8: Marketing & Sales | AA8: Assistant Manager | AB8: =AF8-AC8 -> 50000 | AC8: 10000 | AE8: =AC8/AB8 -> 0.2 | AF8: =V8+AC8 -> 60000
B9: 20092008 | C9: Khandker Mustafizur Rahman | E9: 7000 | F9: Active | G9: BTL/KYL | H9: Marketing & Sales | I9: Assistant Manager | J9: 7000 | L9: 62000 | N9: Inactive | R9: =V9-S9 -> 62000 | V9: =L9+S9 -> 62000 | X9: Inactive | AF9: =V9+AC9 -> 62000
B10: 10582007 | C10: Md. Mahabubur Rahman | E10: 2000 | F10: Active | G10: BTL/KYL | H10: Marketing & Sales | I10: Assistant Manager | J10: 3000 | L10: 35000 | N10: Active | O10: BTL/KYL | P10: Marketing & Sales | Q10: ? | R10: =V10-S10 -> 35000 | S10: 0 | U10: =S10/R10 -> 0 | V10: =L10+S10 -> 35000 | X10: Inactive | AF10: =V10+AC10 -> 35000
B11: 10782016 | C11: Mohammad Kawsar Molla | E11: 0 | F11: Active | G11: BTL/KYL | H11: Finance & Accounts | I11: Head of Finance & Accounts | J11: 0 | L11: 180000 | N11: Active | O11: BTL/KYL | P11: Finance & Accounts | Q11: Head of Finance & Accounts | R11: =V11-S11 -> 180000 | S11: 5000 | U11: =S11/R11 -> 0.027777778 | V11: =L11+S11 -> 185000 | X11: Active | Y11: BTL/KYL | Z11: Finance & Accounts | AA11: Head of Finance & Accounts | AB11: =AF11-AC11 -> 185000 | AC11: 15000 | AE11: =AC11/AB11 -> 0.081081081 | AF11: =V11+AC11 -> 200000
B12: 21152017 | C12: Mir Muhshiuzzaman | E12: 0 | F12: Active | G12: BTL/KYL | H12: Finance & Accounts | I12: Manager | J12: 5000 | L12: 105000 | N12: Active | O12: BTL/KYL | P12: Finance & Accounts | Q12: Manager | R12: =V12-S12 -> 105000 | S12: 5000 | U12: =S12/R12 -> 0.047619048 | V12: =L12+S12 -> 110000 | X12: Active | Y12: BTL/KYL | Z12: Finance & Accounts | AA12: Manager | AB12: =AF12-AC12 -> 110000 | AC12: 15000 | AE12: =AC12/AB12 -> 0.13636364 | AF12: =V12+AC12 -> 125000
B13: 20332017 | C13: Moniruzzaman | E13: 0 | F13: Active | G13: BTL/KYL | H13: Finance & Accounts | I13: Assistant Manager | J13: 7000 | L13: 67000 | N13: Active | O13: BTL/KYL | P13: Finance & Accounts | Q13: Assistant Manager | R13: =V13-S13 -> 67000 | S13: 3000 | U13: =S13/R13 -> 0.044776119 | V13: =L13+S13 -> 70000 | X13: Active | Y13: Pioneer Denim Limited | Z13: Finance & Accounts | AA13: Assistant Manager | AB13: =AF13-AC13 -> 70000 | AC13: 10000 | AE13: =AC13/AB13 -> 0.14285714 | AF13: =V13+AC13 -> 80000
B14: 20342009 | C14: Mohammad Shawkot Alam | E14: 4000 | F14: Active | G14: BTL/KYL | H14: Finance & Accounts | I14: Executive | J14: 3000 | K14: Sr. Executive | L14: 47000 | N14: Active | O14: BTL/KYL | P14: Finance & Accounts | Q14: Senior Executive | R14: =V14-S14 -> 47000 | S14: 3000 | U14: =S14/R14 -> 0.063829787 | V14: =L14+S14 -> 50000 | X14: Active | Y14: BTL/KYL | Z14: Finance & Accounts | AA14: Sr. Executive | AB14: =AF14-AC14 -> 50000 | AC14: 5000 | AE14: =AC14/AB14 -> 0.1 | AF14: =V14+AC14 -> 55000
B15: 10752016 | C15: Md. Sharforaz Hossain | E15: 0 | F15: Active | G15: BTL/KYL | H15: Finance & Accounts | I15: Officer | J15: 7000 | K15: Executive | L15: 35000 | N15: Active | O15: BTL/KYL | P15: Finance & Accounts | Q15: Executive | R15: =V15-S15 -> 35000 | S15: 5000 | U15: =S15/R15 -> 0.14285714 | V15: =L15+S15 -> 40000 | X15: Active | Y15: BTL/KYL | Z15: Finance & Accounts | AA15: Sr. Executive | AB15: =AF15-AC15 -> 40000 | AC15: 12000 | AE15: =AC15/AB15 -> 0.3 | AF15: =V15+AC15 -> 52000
B16: 10732016 | C16: Md. Bablu | E16: 0 | F16: Active | G16: BTL/KYL | H16: Finance & Accounts | I16: Officer | J16: 7000 | K16: Executive | L16: 33000 | N16: Active | O16: BTL/KYL | P16: Finance & Accounts | Q16: Executive | R16: =V16-S16 -> 33000 | S16: 5000 | U16: =S16/R16 -> 0.15151515 | V16: =L16+S16 -> 38000 | X16: Active | Y16: BTL/KYL | Z16: Finance & Accounts | AA16: Sr. Executive | AB16: =AF16-AC16 -> 38000 | AC16: 12000 | AE16: =AC16/AB16 -> 0.31578947 | AF16: =V16+AC16 -> 50000
B17: 20302005 | C17: Md. Ruhul Amin | E17: 1000 | F17: Active | G17: BTL/KYL | H17: Finance & Accounts | I17: Executive | J17: 2000 | L17: 46000 | N17: Active | O17: BTL/KYL | P17: Finance & Accounts | Q17: Executive | R17: =V17-S17 -> 46000 | S17: 4000 | U17: =S17/R17 -> 0.086956522 | V17: =L17+S17 -> 50000 | X17: Active | Y17: BTL/KYL | Z17: Finance & Accounts | AA17: Executive | AB17: =AF17-AC17 -> 50000 | AC17: 5000 | AE17: =AC17/AB17 -> 0.1 | AF17: =V17+AC17 -> 55000
B18: 10392012 | C18: Md. Abdul Motin | E18: 1000 | F18: Active | G18: BTL/KYL | H18: Finance & Accounts | I18: Jr. Officer | J18: 3000 | K18: Officer | L18: 33000 | N18: Active | O18: BTL/KYL | P18: Finance & Accounts | Q18: Officer | R18: =V18-S18 -> 33000 | S18: 5000 | U18: =S18/R18 -> 0.15151515 | V18: =L18+S18 -> 38000 | X18: Active | Y18: BTL/KYL | Z18: Finance & Accounts | AA18: Officer | AB18: =AF18-AC18 -> 38000 | AC18: 4000 | AE18: =AC18/AB18 -> 0.10526316 | AF18: =V18+AC18 -> 42000
B19: 10402012 | C19: Md. Rofiqul Islam | E19: 3000 | F19: Active | G19: BTL/KYL | H19: Finance & Accounts | I19: Jr. Executive | J19: 4000 | K19: Officer | L19: 36000 | N19: Active | O19: BTL/KYL | P19: Finance & Accounts | Q19: Officer | R19: =V19-S19 -> 36000 | S19: 5000 | U19: =S19/R19 -> 0.13888889 | V19: =L19+S19 -> 41000 | X19: Active | Y19: BTL/KYL | Z19: Finance & Accounts | AA19: Officer | AB19: =AF19-AC19 -> 41000 | AC19: 9000 | AE19: =AC19/AB19 -> 0.2195122 | AF19: =V19+AC19 -> 50000
B20: 10722016 | C20: Muhammad Masum Billah | E20: 3000 | F20: Active | G20: BTL/KYL | H20: Finance & Accounts | I20: Jr. Officer | J20: 3000 | L20: 30000 | N20: Active | O20: BTL/KYL | P20: Finance & Accounts | Q20: Jr. Officer | R20: =V20-S20 -> 30000 | S20: 3000 | U20: =S20/R20 -> 0.1 | V20: =L20+S20 -> 33000 | X20: Active | Y20: BTL/KYL | Z20: Finance & Accounts | AA20: Jr. Officer | AB20: =AF20-AC20 -> 33000 | AC20: 7000 | AE20: =AC20/AB20 -> 0.21212121 | AF20: =V20+AC20 -> 40000
B21: 10692016 | C21: Md. Oaliullah | E21: 5000 | F21: Active | G21: BTL/KYL | H21: Finance & Accounts | I21: Executive | J21: 6000 | L21: 26000 | N21: Active | O21: BTL/KYL | P21: Finance & Accounts | Q21: Executive | R21: =V21-S21 -> 26000 | S21: 6000 | U21: =S21/R21 -> 0.23076923 | V21: =L21+S21 -> 32000 | X21: Active | Y21: BTL/KYL | Z21: Finance & Accounts | AA21: Executive | AB21: =AF21-AC21 -> 32000 | AC21: 8000 | AE21: =AC21/AB21 -> 0.25 | AF21: =V21+AC21 -> 40000
B22: 20932017 | C22: Md. Humayun Kabir | E22: 0 | F22: Active | G22: BTL/KYL | H22: Finance & Accounts | I22: Executive | J22: 5000 | L22: 25000 | M22: Special 5,000 | N22: Active | O22: BTL/KYL | P22: Finance & Accounts | Q22: Executive | R22: =V22-S22 -> 25000 | S22: 5000 | U22: =S22/R22 -> 0.2 | V22: =L22+S22 -> 30000 | X22: Active | Y22: BTL/KYL | Z22: Finance & Accounts | AA22: Executive | AB22: =AF22-AC22 -> 30000 | AC22: 7000 | AE22: =AC22/AB22 -> 0.23333333 | AF22: =V22+AC22 -> 37000
B23: 20992017 | C23: Mostafizur Rahman | E23: 8000 | F23: Active | G23: BTL/KYL | H23: Finance & Accounts | I23: Trainee Officer | J23: 3000 | K23: Jr. Officer | L23: 23000 | N23: Inactive | V23: =L23+S23 -> 23000 | W23: Transferred | X23: Inactive | AB23: =AF23-AC23 -> 0
B24: 21212018 | C24: Md. Shahadat Hossain | E24: 0 | F24: Active | G24: BTL/KYL | H24: Finance & Accounts | I24: Trainee Officer | J24: 2000 | L24: 20000 | M24: Special 3,000 | N24: Active | O24: BTL/KYL | P24: Finance & Accounts | Q24: Officer | R24: =V24-S24 -> 20000 | S24: 3000 | U24: =S24/R24 -> 0.15 | V24: =L24+S24 -> 23000 | X24: Active | Y24: BTL/KYL | Z24: Finance & Accounts | AA24: Officer | AB24: =AF24-AC24 -> 23000 | AC24: 7000 | AE24: =AC24/AB24 -> 0.30434783 | AF24: =V24+AC24 -> 30000
B25: 21322018 | C25: Md. Ridoy Masud Bhuiyan | F25: Active | G25: BTL/KYL | H25: Finance & Accounts | I25: Officer | J25: 2000 | K25: - | L25: 18000 | M25: Special 3,000 | N25: Active | O25: BTL/KYL | P25: Finance & Accounts | Q25: Officer | R25: =V25-S25 -> 18000 | S25: 5000 | U25: =S25/R25 -> 0.27777778 | V25: =L25+S25 -> 23000 | X25: Active | Y25: BTL/KYL | Z25: Finance & Accounts | AA25: Officer | AB25: =AF25-AC25 -> 23000 | AC25: 7000 | AE25: =AC25/AB25 -> 0.30434783 | AF25: =V25+AC25 -> 30000
B26: 11012018 | C26: Mohammad Kabir Hossain | E26: 0 | F26: Active | G26: BTL/KYL | H26: Audit | I26: Head of Audit | J26: 0 | L26: 150000 | N26: Active | O26: BTL/KYL | P26: Audit | Q26: Head of Audit | R26: =V26-S26 -> 150000 | S26: 5000 | U26: =S26/R26 -> 0.033333333 | V26: =L26+S26 -> 155000 | X26: Active | Y26: BTL/KYL | Z26: Audit | AA26: Head of Audit | AB26: =AF26-AC26 -> 155000 | AC26: 15000 | AE26: =AC26/AB26 -> 0.096774194 | AF26: =V26+AC26 -> 170000
B27: 20282010 | C27: Md. Mehedi Hasan | E27: 0 | F27: Active | G27: BTL/KYL | H27: Audit | I27: Sr. Executive | J27: 5000 | L27: 61000 | N27: Active | O27: BTL/KYL | P27: Audit | Q27: Sr. Executive | R27: =V27-S27 -> 61000 | S27: 5000 | U27: =S27/R27 -> 0.081967213 | V27: =L27+S27 -> 66000 | X27: Active | Y27: BTL/KYL | Z27: Audit | AA27: Sr. Executive | AB27: =AF27-AC27 -> 66000 | AC27: 12000 | AE27: =AC27/AB27 -> 0.18181818 | AF27: =V27+AC27 -> 78000
B28: 21132017 | C28: Md. Moniruzzaman | E28: 0 | F28: Active | G28: BTL/KYL | H28: Audit | I28: Sr. Executive | J28: 5000 | L28: 45000 | N28: Active | O28: BTL/KYL | P28: Audit | Q28: Sr. Executive | R28: =V28-S28 -> 45000 | S28: 5000 | U28: =S28/R28 -> 0.11111111 | V28: =L28+S28 -> 50000 | X28: Active | Y28: BTL/KYL | Z28: Audit | AA28: Sr. Executive | AB28: =AF28-AC28 -> 50000 | AC28: 10000 | AE28: =AC28/AB28 -> 0.2 | AF28: =V28+AC28 -> 60000
B29: 30572016 | C29: Md. Abdus Sabur Talukder | E29: 0 | F29: Active | G29: BTL/KYL | H29: Audit | I29: Sr. Officer | J29: 4000 | L29: 30000 | N29: Active | O29: BTL/KYL | P29: Audit | Q29: Sr. Executive | R29: =V29-S29 -> 30000 | S29: 4000 | U29: =S29/R29 -> 0.13333333 | V29: =L29+S29 -> 34000 | X29: Active | Y29: BTL/KYL | Z29: Audit | AA29: Sr. Executive | AB29: =AF29-AC29 -> 34000 | AC29: 10000 | AE29: =AC29/AB29 -> 0.29411765 | AF29: =V29+AC29 -> 44000
B30: 20982017 | C30: Gobinda Chandra Dey | E30: 5000 | F30: Active | G30: BTL/KYL | H30: Audit | I30: Executive | J30: 5000 | L30: 40000 | N30: Inactive | O30: Inactive | P30: Inactive | Q30: Inactive | R30: =V30-S30 -> 0 | S30: 0 | T30: Inactive | V30: 0 | X30: Inactive | AB30: =AF30-AC30 -> 0 | AF30: =V30+AC30 -> 0
B31: 10712016 | C31: Md. Amin Ullah | E31: 7000 | F31: Active | G31: BTL/KYL | H31: Export Import Audit | I31: Executive | J31: 7000 | L31: 42000 | N31: Active | O31: BTL/KYL | P31: Export Import Audit | Q31: Asst. Manager | R31: =V31-S31 -> 42000 | S31: 5000 | U31: =S31/R31 -> 0.11904762 | V31: =L31+S31 -> 47000 | X31: Active | Y31: BTL/KYL | Z31: Export Import Audit | AA31: Assistant Manager | AB31: =AF31-AC31 -> 47000 | AC31: 23000 | AE31: =AC31/AB31 -> 0.4893617 | AF31: =V31+AC31 -> 70000
B32: 20352011 | C32: Md. Safiul Muznabin | E32: 1000 | F32: Active | G32: BTL/KYL | H32: Export Import Audit | I32: Jr. Officer | J32: 3000 | L32: 33000 | N32: Active | O32: BTL/KYL | P32: Export Import Audit | Q32: Sr. Executive | R32: =V32-S32 -> 33000 | S32: 3000 | U32: =S32/R32 -> 0.090909091 | V32: =L32+S32 -> 36000 | X32: Active | Y32: BTL/KYL | Z32: Export Import Audit | AA32: Sr. Executive | AB32: =AF32-AC32 -> 36000 | AC32: 4000 | AE32: =AC32/AB32 -> 0.11111111 | AF32: =V32+AC32 -> 40000
B33: 21232018 | C33: Md. Shafiqul Islam | E33: 0 | F33: Active | G33: BTL/KYL | H33: Export Import Audit | I33: Trainee Officer | J33: 3000 | L33: 20000 | N33: Active | O33: BTL/KYL | P33: Export Import Audit | Q33: Executive | R33: =V33-S33 -> 20000 | S33: 5000 | U33: =S33/R33 -> 0.25 | V33: =L33+S33 -> 25000 | X33: Active | Y33: BTL/KYL | Z33: Export Import Audit | AA33: Executive | AB33: =AF33-AC33 -> 25000 | AC33: 5000 | AE33: =AC33/AB33 -> 0.2 | AF33: =V33+AC33 -> 30000
B34: 20842017 | C34: Yousuf Ahmmed | E34: 4000 | F34: Active | G34: BTL/KYL | H34: Export Import Audit | I34: Officer | J34: 7000 | L34: 25000 | N34: Active | O34: BTL/KYL | P34: Export Import Audit | Q34: Sr. Executive | R34: =V34-S34 -> 25000 | S34: 5000 | U34: =S34/R34 -> 0.2 | V34: =L34+S34 -> 30000 | X34: Active | Y34: BTL/KYL | Z34: Export Import Audit | AA34: Sr. Executive | AB34: =AF34-AC34 -> 30000 | AC34: 7000 | AE34: =AC34/AB34 -> 0.23333333 | AF34: =V34+AC34 -> 37000
B35: 11092018 | C35: Mosharraf Hossain Chowdhury (Faisal) | E35: 0 | F35: Inactive | G35: Inactive | H35: Inactive | I35: Inactive | J35: 0 | K35: Inactive | L35: 0 | M35: Inactive | N35: Active | O35: BTL/KYL | P35: Import | Q35: Deputy General Manager | R35: =V35-S35 -> 100000 | S35: 10000 | U35: =S35/R35 -> 0.1 | V35: 110000 | X35: Active | Y35: BTL/KYL | Z35: Import | AA35: Deputy General Manager | AB35: =AF35-AC35 -> 110000 | AC35: 30000 | AE35: =AC35/AB35 -> 0.27272727 | AF35: =V35+AC35 -> 140000
B36: 30211994 | C36: Ashadullaha Ahamed | E36: 2000 | F36: Active | G36: BTL/KYL | H36: Import | I36: Incharge | J36: 3000 | L36: 65000 | N36: Active | O36: BTL/KYL | P36: Import | Q36: Incharge | R36: =V36-S36 -> 65000 | S36: 5000 | U36: =S36/R36 -> 0.076923077 | V36: =L36+S36 -> 70000 | X36: Active | Y36: BTL/KYL | Z36: Import | AA36: Incharge | AB36: =AF36-AC36 -> 70000 | AC36: 20000 | AE36: =AC36/AB36 -> 0.28571429 | AF36: =V36+AC36 -> 90000
B37: 10252008 | C37: Azmul Karim | E37: 1000 | F37: Active | G37: BTL/KYL | H37: Import | I37: Executive | J37: 3000 | L37: 40000 | N37: Active | O37: Pioneer Denim Limited | P37: Import | Q37: Assistant Manager | R37: =V37-S37 -> 40000 | S37: 6000 | U37: =S37/R37 -> 0.15 | V37: =L37+S37 -> 46000 | X37: Active | Y37: Pioneer Denim Limited | Z37: Import | AA37: Assistant Manager | AB37: =AF37-AC37 -> 46000 | AC37: 14000 | AE37: =AC37/AB37 -> 0.30434783 | AF37: =V37+AC37 -> 60000
B38: 21032017 | C38: Md. Moshiur Rahman | E38: 0 | F38: Active | G38: BTL/KYL | H38: Import | I38: Trainee Officer | J38: 5000 | L38: 20000 | N38: Active | O38: BTL/KYL | P38: Import | Q38: Trainee Officer | R38: =V38-S38 -> 20000 | S38: 6000 | U38: =S38/R38 -> 0.3 | V38: =L38+S38 -> 26000 | X38: Active | Y38: BTL/KYL | Z38: Import | AA38: Trainee Officer | AB38: =AF38-AC38 -> 26000 | AC38: 9000 | AE38: =AC38/AB38 -> 0.34615385 | AF38: =V38+AC38 -> 35000
B39: 30150000 | C39: Md. Rabiul Alam | E39: 1000 | F39: Active | G39: BTL/KYL | H39: Procurement | I39: Head of Procurement | J39: 3000 | L39: 84000 | N39: Active | O39: BTL/KYL | P39: Procurement | Q39: Head of Procurement | R39: =V39-S39 -> 84000 | S39: 6000 | U39: =S39/R39 -> 0.071428571 | V39: =L39+S39 -> 90000 | X39: Active | Y39: BTL/KYL | Z39: Procurement | AA39: Head of Procurement | AB39: =AF39-AC39 -> 90000 | AC39: 10000 | AE39: =AC39/AB39 -> 0.11111111 | AF39: =V39+AC39 -> 100000
B40: 10882017 | C40: Md. Farid Uddin | E40: 0 | F40: Active | G40: BTL/KYL | H40: Procurement | I40: ? | J40: 3000 | L40: 18000 | N40: Inactive | R40: =V40-S40 -> 0 | V40: 0 | X40: Inactive | AB40: =AF40-AC40 -> 0
B41: 10242004 | C41: Md. Obydul | E41: 1000 | F41: Active | G41: BTL/KYL | H41: Procurement | I41: Executive | J41: 3000 | L41: 34000 | N41: Active | O41: BTL/KYL | P41: Procurement | Q41: Executive | R41: =V41-S41 -> 34000 | S41: 3000 | U41: =S41/R41 -> 0.088235294 | V41: =L41+S41 -> 37000 | X41: Active | Y41: BTL/KYL | Z41: Procurement | AA41: Executive | AB41: =AF41-AC41 -> 37000 | AC41: 5000 | AE41: =AC41/AB41 -> 0.13513514 | AF41: =V41+AC41 -> 42000
B42: 20922016 | C42: Md. Mosharaf Hossain | E42: 0 | F42: Active | G42: BTL/KYL | H42: Procurement | I42: Jr. Officer | J42: 4000 | L42: 22000 | N42: Active | O42: BTL/KYL | P42: Procurement | Q42: Jr. Officer | R42: =V42-S42 -> 22000 | S42: 6000 | U42: =S42/R42 -> 0.27272727 | V42: =L42+S42 -> 28000 | X42: Active | Y42: BTL/KYL | Z42: Procurement | AA42: Jr. Officer | AB42: =AF42-AC42 -> 28000 | AC42: 6000 | AE42: =AC42/AB42 -> 0.21428571 | AF42: =V42+AC42 -> 34000
B43: 10852017 | C43: Mohammad Shamsul Alam | E43: 2000 | F43: Active | G43: BTL/KYL | H43: Procurement | I43: Executive | J43: 1000 | L43: 28000 | N43: Active | O43: BTL/KYL | P43: Procurement | Q43: Executive | R43: =V43-S43 -> 28000 | S43: 3000 | U43: =S43/R43 -> 0.10714286 | V43: =L43+S43 -> 31000 | X43: Active | Y43: BTL/KYL | Z43: Procurement | AA43: Executive | AB43: =AF43-AC43 -> 31000 | AC43: 5000 | AE43: =AC43/AB43 -> 0.16129032 | AF43: =V43+AC43 -> 36000
B44: 20242005 | C44: Md. Mustafizur Rahman | E44: 1000 | F44: Active | G44: BTL/KYL | H44: Procurement | I44: Officer | J44: 3000 | L44: 32000 | N44: Active | O44: BTL/KYL | P44: Procurement | Q44: Officer | R44: =V44-S44 -> 32000 | S44: 4000 | U44: =S44/R44 -> 0.125 | V44: =L44+S44 -> 36000 | X44: Active | Y44: BTL/KYL | Z44: Procurement | AA44: Officer | AB44: =AF44-AC44 -> 36000 | AC44: 5000 | AE44: =AC44/AB44 -> 0.13888889 | AF44: =V44+AC44 -> 41000
B45: 10982017 | C45: Md. Nayem Hasan Khan Majlish | E45: 0 | F45: Active | G45: BTL/KYL | H45: Procurement | I45: Assistant Officer | J45: 5000 | L45: 20000 | N45: Active | O45: BTL/KYL | P45: Audit | Q45: Asst. Officer | R45: =V45-S45 -> 20000 | S45: 6000 | U45: =S45/R45 -> 0.3 | V45: =L45+S45 -> 26000 | X45: Active | Y45: BTL/KYL | Z45: Procurement | AA45: Sr. Executive | AB45: =AF45-AC45 -> 26000 | AC45: 5000 | AE45: =AC45/AB45 -> 0.19230769 | AF45: =V45+AC45 -> 31000
B46: 21272018 | C46: Md. Rezaul Karim | E46: 0 | F46: Active | G46: BTL/KYL | H46: Procurement | I46: Trainee Officer | J46: 0 | L46: 15000 | N46: Active | O46: BTL/KYL | P46: Procurement | Q46: Trainee Officer | R46: =V46-S46 -> 15000 | S46: 5000 | U46: =S46/R46 -> 0.33333333 | V46: =L46+S46 -> 20000 | X46: Inactive | AB46: =AF46-AC46 -> 0
B47: 10762016 | C47: Md. Rashid Ahmed | E47: 2000 | F47: Active | G47: BTL/KYL | H47: Information Technology | I47: Officer | J47: 6000 | L47: 26000 | N47: Active | O47: BTL/KYL | P47: Information Technology | Q47: Officer | R47: =V47-S47 -> 26000 | S47: 4000 | U47: =S47/R47 -> 0.15384615 | V47: =L47+S47 -> 30000 | X47: Active | Y47: BTL/KYL | Z47: Information Technology | AA47: Officer | AB47: =AF47-AC47 -> 30000 | AC47: 5000 | AE47: =AC47/AB47 -> 0.16666667 | AF47: =V47+AC47 -> 35000
B48: 21002017 | C48: Md. Nahid Aktar | F48: Active | G48: BTL/KYL | H48: Information Technology | I48: Programmer | J48: 2000 | L48: 40000 | V48: =L48+S48 -> 40000 | W48: Transferred | X48: Inactive | AB48: =AF48-AC48 -> 0
B49: 21052017 | C49: Md. Neshan Sardar | E49: 10000 | F49: Active | G49: BTL/KYL | H49: Information Technology | I49: Programmer | J49: 3000 | L49: 40000 | V49: =L49+S49 -> 40000 | W49: Transferred | X49: Inactive | AB49: =AF49-AC49 -> 0
B50: 21202018 | C50: Md. Abdullah Al Noman | E50: 0 | F50: Active | G50: BTL/KYL | H50: Information Technology | I50: Executive | J50: 0 | L50: 37000 | V50: =L50+S50 -> 37000 | X50: Inactive | AB50: =AF50-AC50 -> 0
B51: 20072000 | C51: Rakibul Hasan Chowdhury | E51: 2000 | F51: Active | G51: BTL/KYL | H51: Commercial | I51: Incharge | J51: 3000 | L51: 55000 | N51: Active | O51: BTL/KYL | P51: Commercial | Q51: Incharge | R51: =V51-S51 -> 55000 | S51: 4000 | U51: =S51/R51 -> 0.072727273 | V51: =L51+S51 -> 59000 | X51: Active | Y51: BTL/KYL | Z51: Commercial | AA51: Incharge | AB51: =AF51-AC51 -> 59000 | AC51: 8000 | AE51: =AC51/AB51 -> 0.13559322 | AF51: =V51+AC51 -> 67000
B52: 10092005 | C52: Md. Saifur Rahaman | E52: 1000 | F52: Active | G52: BTL/KYL | H52: Commercial | I52: Sr. Executive | J52: 3000 | L52: 47000 | N52: Active | O52: Pioneer Denim Limited | P52: Commercial | Q52: Sr. Executive | R52: =V52-S52 -> 47000 | S52: 5000 | U52: =S52/R52 -> 0.10638298 | V52: =L52+S52 -> 52000 | X52: Active | Y52: Pioneer Denim Limited | Z52: Commercial | AA52: Sr. Executive | AB52: =AF52-AC52 -> 52000 | AC52: 8000 | AE52: =AC52/AB52 -> 0.15384615 | AF52: 60000
B53: 20122009 | C53: Syed Mahmood Hassan | E53: 1000 | F53: Active | G53: BTL/KYL | H53: Commercial | I53: ? | J53: 3000 | K53: Jr. Officer | L53: 35000 | N53: Active | O53: BTL/KYL | P53: Commercial | Q53: Jr. Officer | R53: =V53-S53 -> 35000 | S53: 6000 | U53: =S53/R53 -> 0.17142857 | V53: =L53+S53 -> 41000 | W53: AI: 3k, SP: 3k | X53: Active | Y53: BTL/KYL | Z53: Commercial | AA53: Jr. Officer | AB53: =AF53-AC53 -> 41000 | AC53: 5000 | AE53: =AC53/AB53 -> 0.12195122 | AF53: =V53+AC53 -> 46000
B54: 21142017 | C54: Sohebul Islam | E54: 5000 | F54: Active | G54: BTL/KYL | H54: Commercial | I54: Jr. Officer | J54: 7000 | L54: 22000 | N54: Active | O54: BTL/KYL | P54: Commercial | Q54: Jr. Officer | R54: =V54-S54 -> 22000 | S54: 5000 | U54: =S54/R54 -> 0.22727273 | V54: =L54+S54 -> 27000 | X54: Active | Y54: BTL/KYL | Z54: Commercial | AA54: Jr. Officer | AB54: =AF54-AC54 -> 27000 | AC54: 8000 | AE54: =AC54/AB54 -> 0.2962963 | AF54: =V54+AC54 -> 35000
B55: 10542014 | C55: Md. Foysal Hassan | E55: 2000 | F55: Active | G55: BTL/KYL | H55: Commercial | I55: Executive | J55: 5000 | L55: 25000 | N55: Active | O55: BTL/KYL | P55: Commercial | Q55: Executive | R55: =V55-S55 -> 25000 | S55: 4000 | U55: =S55/R55 -> 0.16 | V55: =L55+S55 -> 29000 | X55: Active | Y55: BTL/KYL | Z55: Commercial | AA55: Executive | AB55: =AF55-AC55 -> 29000 | AC55: 6000 | AE55: =AC55/AB55 -> 0.20689655 | AF55: =V55+AC55 -> 35000
B56: 10192011 | C56: Md. Kamal Ahmed | E56: 1000 | F56: Active | G56: BTL/KYL | H56: Commercial | I56: ? | J56: 5000 | K56: Jr. Officer | L56: 27000 | N56: Active | O56: BTL/KYL | P56: Commercial | Q56: Jr. Officer | R56: =V56-S56 -> 27000 | S56: 5000 | U56: =S56/R56 -> 0.18518519 | V56: =L56+S56 -> 32000 | X56: Active | Y56: BTL/KYL | Z56: Commercial | AA56: Jr. Officer | AB56: =AF56-AC56 -> 32000 | AC56: 6000 | AE56: =AC56/AB56 -> 0.1875 | AF56: =V56+AC56 -> 38000
B57: 20062000 | C57: Asraful Islam | E57: 0 | F57: Active | G57: BTL/KYL | H57: Commercial | I57: Incharge | J57: 3000 | L57: 63000 | N57: Active | O57: BTL/KYL | P57: Commercial | Q57: Incharge | R57: =V57-S57 -> 63000 | S57: 5000 | U57: =S57/R57 -> 0.079365079 | V57: =L57+S57 -> 68000 | X57: Active | Y57: BTL/KYL | Z57: Commercial | AA57: Incharge | AB57: =AF57-AC57 -> 68000 | AC57: 12000 | AE57: =AC57/AB57 -> 0.17647059 | AF57: =V57+AC57 -> 80000
B58: 10112004 | C58: Mohmmad Omar Faruque | E58: 1000 | F58: Active | G58: BTL/KYL | H58: Commercial | I58: Executive | J58: 3000 | L58: 35000 | N58: Active | O58: BTL/KYL | P58: Commercial | Q58: Executive | R58: =V58-S58 -> 35000 | S58: 5000 | U58: =S58/R58 -> 0.14285714 | V58: =L58+S58 -> 40000 | AB58: =AF58-AC58 -> 0
B59: 20172012 | C59: Md. Al-Amin Khan | E59: 2000 | F59: Active | G59: BTL/KYL | H59: Commercial | I59: Executive | J59: 3000 | L59: 26000 | N59: Active | O59: BTL/KYL | P59: Legal & Estate | Q59: Executive | R59: =V59-S59 -> 26000 | S59: 4000 | U59: =S59/R59 -> 0.15384615 | V59: =L59+S59 -> 30000 | X59: Active | Y59: BTL/KYL | Z59: Estate & Legal | AA59: Executive | AB59: =AF59-AC59 -> 30000 | AC59: 7000 | AE59: =AC59/AB59 -> 0.23333333 | AF59: =V59+AC59 -> 37000
B60: 20152010 | C60: Md. Arif Hossain | E60: 1000 | F60: Active | G60: BTL/KYL | H60: Commercial | I60: Executive | J60: 3000 | L60: 25000 | N60: Active | O60: Pioneer Denim Limited | P60: Commercial | Q60: Executive | R60: =V60-S60 -> 25000 | S60: 4000 | U60: =S60/R60 -> 0.16 | V60: =L60+S60 -> 29000 | X60: Active | Y60: Pioneer Denim Limited | Z60: Commercial | AA60: Executive | AB60: =AF60-AC60 -> 29000 | AC60: 8000 | AE60: =AC60/AB60 -> 0.27586207 | AF60: =V60+AC60 -> 37000
B61: 21312018 | C61: Muhammad Milon Hossain Molla | E61: 0 | F61: Inactive | G61: Inactive | H61: Inactive | I61: Inactive | J61: 0 | K61: Inactive | L61: 0 | N61: Active | O61: BTL/KYL | P61: Commercial | Q61: ? | R61: =V61-S61 -> 14000 | S61: 6000 | U61: =S61/R61 -> 0.42857143 | V61: 20000 | X61: Active | Y61: BTL/KYL | Z61: Commercial | AA61: Trainee Officer | AB61: =AF61-AC61 -> 20000 | AC61: 6000 | AE61: =AC61/AB61 -> 0.3 | AF61: =V61+AC61 -> 26000
B62: 10202011 | C62: Muhammad Momin Hossen | E62: 1000 | F62: Active | G62: BTL/KYL | H62: Commercial | I62: Executive | J62: 3000 | L62: 22000 | N62: Active | O62: BTL/KYL | P62: Commercial | Q62: Executive | R62: =V62-S62 -> 22000 | S62: 3000 | U62: =S62/R62 -> 0.13636364 | V62: =L62+S62 -> 25000 | AB62: =AF62-AC62 -> 0
B63: 10212011 | C63: Md. Shakamal | E63: 1000 | F63: Active | G63: BTL/KYL | H63: Commercial | I63: ? | J63: 3000 | L63: 22000 | N63: Active | O63: BTL/KYL | P63: Commercial | Q63: ? | R63: =V63-S63 -> 22000 | S63: 5000 | U63: =S63/R63 -> 0.22727273 | V63: =L63+S63 -> 27000 | X63: Active | Y63: BTL/KYL | Z63: Commercial | AA63: ? | AB63: =AF63-AC63 -> 27000 | AC63: 5000 | AE63: =AC63/AB63 -> 0.18518519 | AF63: =V63+AC63 -> 32000
B64: 10222012 | C64: =VLOOKUP(B64,[1]BTL!$C:$J,8,FALSE) -> Ashiqur Rahman Robin | E64: 1000 | F64: Active | G64: BTL/KYL | H64: Commercial | I64: ? | J64: 3000 | L64: 22000 | N64: Active | O64: BTL/KYL | P64: Commerical | Q64: ? | R64: =V64-S64 -> 22000 | S64: 8000 | U64: =S64/R64 -> 0.36363636 | V64: =L64+S64 -> 30000 | X64: Active | Y64: BTL/KYL | Z64: Commercial | AA64: ? | AB64: =AF64-AC64 -> 30000 | AC64: 5000 | AE64: =AC64/AB64 -> 0.16666667 | AF64: =V64+AC64 -> 35000
B65: 10522014 | C65: Arshadul Haque Molla | E65: 1000 | F65: Active | G65: BTL/KYL | H65: Commercial | I65: ? | J65: 3000 | L65: 20000 | N65: Active | O65: BTL/KYL | P65: Commercial | Q65: ? | R65: =V65-S65 -> 20000 | S65: 3000 | U65: =S65/R65 -> 0.15 | V65: =L65+S65 -> 23000 | X65: Active | Y65: BTL/KYL | Z65: Commercial | AA65: ? | AB65: =AF65-AC65 -> 23000 | AC65: 5000 | AE65: =AC65/AB65 -> 0.2173913 | AF65: =V65+AC65 -> 28000
B66: 20892017 | C66: Mahamudun Nabi Ove | E66: 0 | F66: Active | G66: BTL/KYL | H66: Commercial | I66: Jr. Executive | J66: 3000 | L66: 15000 | N66: Active | O66: BTL/KYL | P66: Commercial | Q66: Jr. Executive | R66: =V66-S66 -> 15000 | S66: 5000 | U66: =S66/R66 -> 0.33333333 | V66: =L66+S66 -> 20000 | X66: Active | Y66: BTL/KYL | Z66: Commercial | AA66: Jr. Executive | AB66: =AF66-AC66 -> 20000 | AC66: 5000 | AE66: =AC66/AB66 -> 0.25 | AF66: =V66+AC66 -> 25000
B67: 10602007 | C67: Md. Aminul Islam | E67: 1000 | F67: Active | G67: BTL/KYL | H67: Commercial | I67: Messenger | J67: 2000 | L67: 18000 | N67: Active | O67: BTL/KYL | P67: Commercial | Q67: ? | R67: =V67-S67 -> 18000 | S67: 4000 | U67: =S67/R67 -> 0.22222222 | V67: =L67+S67 -> 22000 | X67: Active | Y67: BTL/KYL | Z67: Commercial | AA67: ? | AB67: =AF67-AC67 -> 22000 | AC67: 3000 | AE67: =AC67/AB67 -> 0.13636364 | AF67: =V67+AC67 -> 25000
B68: 21182018 | C68: Md. Borhan Uddin | E68: 0 | F68: Active | G68: BTL/KYL | H68: Commercial | I68: Executive | J68: 2000 | L68: 17000 | N68: Active | O68: Pioneer Denim Limited | P68: Commercial | Q68: Executive | R68: =V68-S68 -> 17000 | S68: 4000 | U68: =S68/R68 -> 0.23529412 | V68: =L68+S68 -> 21000 | X68: Active | Y68: Pioneer Denim Limited | Z68: Commercial | AA68: Executive | AB68: =AF68-AC68 -> 21000 | AC68: 5000 | AE68: =AC68/AB68 -> 0.23809524 | AF68: =V68+AC68 -> 26000
B69: 10022004 | C69: Sheikh Salahuddin | E69: 0 | F69: Active | G69: BTL/KYL | H69: Commercial | I69: General Manager | J69: 0 | L69: 175000 | N69: Active | O69: BTL/KYL | P69: Commercial | Q69: General Manager | R69: =V69-S69 -> 175000 | S69: 0 | U69: =S69/R69 -> 0 | V69: =L69+S69 -> 175000 | X69: Active | Y69: BTL/KYL | Z69: Commercial | AA69: General Manager | AB69: =AF69-AC69 -> 175000 | AC69: 0 | AE69: =AC69/AB69 -> 0 | AF69: =V69+AC69 -> 175000
B70: 20102008 | C70: Prabir Das | E70: 5000 | F70: Active | G70: BTL/KYL | H70: Commercial | I70: Incharge | J70: 10000 | L70: 60000 | N70: Active | O70: Pioneer Denim Limited | P70: Commercial | Q70: Incharge | R70: =V70-S70 -> 60000 | S70: 5000 | U70: =S70/R70 -> 0.083333333 | V70: =L70+S70 -> 65000 | X70: Active | Y70: Pioneer Denim Limited | Z70: Commercial | AA70: Manager | AB70: =AF70-AC70 -> 65000 | AC70: 12000 | AE70: =AC70/AB70 -> 0.18461538 | AF70: =V70+AC70 -> 77000
B71: 20142012 | C71: Suman Chandra Malo | E71: 2000 | F71: Active | G71: BTL/KYL | H71: Commercial | I71: Executive | J71: 7000 | L71: 35000 | N71: Active | O71: BTL/KYL | P71: Commercial | Q71: Executive | R71: =V71-S71 -> 35000 | S71: 7000 | U71: =S71/R71 -> 0.2 | V71: =L71+S71 -> 42000 | X71: Active | Y71: BTL/KYL | Z71: Commercial | AA71: Executive | AB71: =AF71-AC71 -> 42000 | AC71: 10000 | AE71: =AC71/AB71 -> 0.23809524 | AF71: =V71+AC71 -> 52000
B72: 21162017 | C72: Md. Anowarul Hoque Khan | E72: 0 | F72: Active | G72: BTL/KYL | H72: Commercial | I72: Trainee Officer | J72: 5000 | L72: 25000 | N72: Active | O72: BTL/KYL | P72: Commercial | Q72: Trainee Officer | R72: =V72-S72 -> 25000 | S72: 5000 | U72: =S72/R72 -> 0.2 | V72: =L72+S72 -> 30000 | X72: Active | Y72: BTL/KYL | Z72: Commercial | AA72: Trainee Officer | AB72: =AF72-AC72 -> 30000 | AC72: 5000 | AE72: =AC72/AB72 -> 0.16666667 | AF72: =V72+AC72 -> 35000
B73: 20762016 | C73: Foysal Hossen | E73: 3000 | F73: Active | G73: BTL/KYL | H73: Commercial | I73: ? | J73: 5000 | K73: Jr. Officer | L73: 25000 | N73: Active | O73: BTL/KYL | P73: Commercial | Q73: Jr. Officer | R73: =V73-S73 -> 25000 | S73: 7000 | U73: =S73/R73 -> 0.28 | V73: =L73+S73 -> 32000 | AB73: =AF73-AC73 -> 0
B74: 11262018 | C74: Md. Tanmoy Bhuiyan | E74: 0 | F74: Inactive | G74: Inactive | H74: Inactive | I74: Inactive | J74: 0 | K74: Inactive | L74: 0 | N74: Active | O74: BTL/KYL | P74: Commercial | Q74: Trainee Officer | R74: =V74-S74 -> 15000 | S74: 5000 | U74: =S74/R74 -> 0.33333333 | V74: 20000 | X74: Active | Y74: Pioneer Denim Limited | Z74: Commercial | AA74: Trainee Officer | AB74: =AF74-AC74 -> 20000 | AC74: 6000 | AE74: =AC74/AB74 -> 0.3 | AF74: =V74+AC74 -> 26000
B75: 11132018 | C75: Md. Kamruzzaman Azad | E75: 0 | F75: Inactive | G75: Inactive | H75: Inactive | I75: Inactive | J75: 0 | K75: Inactive | L75: 0 | N75: Active | O75: BTL/KYL | P75: Commercial | Q75: Sr. Executive | R75: =V75-S75 -> 35000 | S75: 4000 | U75: =S75/R75 -> 0.11428571 | V75: 39000 | X75: Active | Y75: BTL/KYL | Z75: Commercial | AA75: Sr. Executive | AB75: =AF75-AC75 -> 39000 | AC75: 6000 | AE75: =AC75/AB75 -> 0.15384615 | AF75: =V75+AC75 -> 45000
B76: 10182011 | C76: Md. Rokunuzzaman Prince | E76: 3000 | F76: Active | G76: BTL/KYL | H76: Commercial | I76: ? | J76: 6000 | L76: 34000 | N76: Active | O76: BTL/KYL | P76: Marketing & Sales | Q76: ? | R76: =V76-S76 -> 34000 | S76: 6000 | U76: =S76/R76 -> 0.17647059 | V76: =L76+S76 -> 40000 | X76: Active | Y76: BTL/KYL | Z76: Marketing & Sales | AA76: ? | AB76: =AF76-AC76 -> 40000 | AC76: 10000 | AE76: =AC76/AB76 -> 0.25 | AF76: =V76+AC76 -> 50000
B77: 20542015 | C77: Md. Selim Suzan | E77: 2000 | F77: Active | G77: BTL/KYL | H77: Commercial | I77: ? | J77: 5000 | L77: 27000 | V77: =L77+S77 -> 27000 | AB77: =AF77-AC77 -> 0
B78: 10152009 | C78: Md. Mustafa Kamal | E78: 1000 | F78: Active | G78: BTL/KYL | H78: Commercial | I78: ? | J78: 4000 | L78: 29000 | N78: Active | O78: BTL/KYL | P78: Commercial | Q78: ? | R78: =V78-S78 -> 29000 | S78: 6000 | U78: =S78/R78 -> 0.20689655 | V78: =L78+S78 -> 35000 | X78: Active | Y78: BTL/KYL | Z78: Commercial | AA78: ? | AB78: =AF78-AC78 -> 35000 | AC78: 5000 | AE78: =AC78/AB78 -> 0.14285714 | AF78: =V78+AC78 -> 40000
B79: 20162010 | C79: Raihan Mahmud | E79: 2000 | F79: Active | G79: BTL/KYL | H79: Commercial | I79: Executive | J79: 4000 | L79: 31000 | N79: Active | O79: BTL/KYL | P79: Commercial | Q79: Executive | R79: =V79-S79 -> 31000 | S79: 5000 | U79: =S79/R79 -> 0.16129032 | V79: =L79+S79 -> 36000 | X79: Active | Y79: BTL/KYL | Z79: Commercial | AA79: Executive | AB79: =AF79-AC79 -> 36000 | AC79: 5000 | AE79: =AC79/AB79 -> 0.13888889 | AF79: =V79+AC79 -> 41000
B80: 10812016 | C80: Tayubur Rahman | E80: 0 | F80: Active | G80: BTL/KYL | H80: Commercial | I80: Jr. Officer | J80: 6000 | L80: 16000 | V80: =L80+S80 -> 16000 | AB80: =AF80-AC80 -> 0
B81: 20822016 | C81: Md. Arifuzzaman | E81: 0 | F81: Active | G81: BTL/KYL | H81: Commercial | I81: Jr. Officer | J81: 5000 | L81: 17000 | N81: Active | O81: BTL/KYL | P81: Commercial | Q81: Jr. Officer | R81: =V81-S81 -> 17000 | S81: 5000 | U81: =S81/R81 -> 0.29411765 | V81: =L81+S81 -> 22000 | X81: Active | Y81: BTL/KYL | Z81: Commercial | AA81: Jr. Officer | AB81: =AF81-AC81 -> 22000 | AC81: 5000 | AE81: =AC81/AB81 -> 0.22727273 | AF81: =V81+AC81 -> 27000
B82: 21222018 | C82: Md. Najmul Hushain | E82: 0 | F82: Active | G82: BTL/KYL | H82: Commercial | I82: Trainee Officer | J82: 3000 | L82: 23000 | N82: Active | O82: BTL/KYL | P82: Commercial | Q82: Trainee Officer | R82: =V82-S82 -> 23000 | S82: 5000 | U82: =S82/R82 -> 0.2173913 | V82: =L82+S82 -> 28000 | X82: Active | Y82: BTL/KYL | Z82: Commercial | AA82: Trainee Officer | AB82: =AF82-AC82 -> 28000 | AC82: 5000 | AE82: =AC82/AB82 -> 0.17857143 | AF82: =V82+AC82 -> 33000
B83: 21282018 | C83: Md. Zahidul Islam | E83: 0 | F83: Active | G83: BTL/KYL | H83: Commercial | I83: Trainee Officer | J83: 3000 | L83: 18000 | N83: Active | O83: BTL/KYL | P83: Commercial | Q83: Trainee Officer | R83: =V83-S83 -> 18000 | S83: 7000 | U83: =S83/R83 -> 0.38888889 | V83: =L83+S83 -> 25000 | X83: Active | Y83: BTL/KYL | Z83: Commercial | AA83: Trainee Officer | AB83: =AF83-AC83 -> 25000 | AC83: 5000 | AE83: =AC83/AB83 -> 0.2 | AF83: =V83+AC83 -> 30000
B84: 20462013 | C84: Pervez Mia | E84: 1000 | F84: Active | G84: BTL/KYL | H84: Commercial | I84: ? | J84: 3000 | L84: 20000 | N84: Active | O84: BTL/KYL | P84: Commercial | Q84: ? | R84: =V84-S84 -> 20000 | S84: 4000 | U84: =S84/R84 -> 0.2 | V84: =L84+S84 -> 24000 | X84: Active | Y84: BTL/KYL | Z84: Commercial | AA84: ? | AB84: =AF84-AC84 -> 24000 | AC84: 6000 | AE84: =AC84/AB84 -> 0.25 | AF84: =V84+AC84 -> 30000
B85: 10412012 | C85: Md. Abdul Karim | E85: 1000 | F85: Active | G85: BTL/KYL | H85: Commercial | I85: ? | J85: 3000 | L85: 21000 | N85: Active | O85: BTL/KYL | P85: Commercial | Q85: ? | R85: =V85-S85 -> 21000 | S85: 4000 | U85: =S85/R85 -> 0.19047619 | V85: =L85+S85 -> 25000 | X85: Active | Y85: BTL/KYL | Z85: Commercial | AA85: ? | AB85: =AF85-AC85 -> 25000 | AC85: 5000 | AE85: =AC85/AB85 -> 0.2 | AF85: =V85+AC85 -> 30000
B86: 11042018 | C86: S.M. Nuruddin Chowdhury | E86: 0 | F86: Inactive | G86: Inactive | H86: Inactive | I86: Inactive | J86: 0 | K86: Inactive | L86: 0 | N86: Active | O86: BTL/KYL | P86: Commercial | Q86: Manager | R86: =V86-S86 -> 70000 | S86: 5000 | U86: =S86/R86 -> 0.071428571 | V86: 75000 | X86: Active | Y86: BTL/KYL | Z86: Commercial | AA86: Manager | AB86: =AF86-AC86 -> 75000 | AC86: 7000 | AE86: =AC86/AB86 -> 0.093333333 | AF86: =V86+AC86 -> 82000
B87: 11122018 | C87: Md. Mohibullah | E87: 0 | F87: Inactive | G87: Inactive | H87: Inactive | I87: Inactive | J87: 0 | K87: Inactive | L87: 0 | N87: Active | O87: BTL/KYL | P87: Commercial | Q87: Trainee Officer | R87: =V87-S87 -> 18000 | S87: 4000 | U87: =S87/R87 -> 0.22222222 | V87: 22000 | X87: Active | Y87: BTL/KYL | Z87: Commercial | AA87: Trainee Officer | AB87: =AF87-AC87 -> 22000 | AC87: 8000 | AE87: =AC87/AB87 -> 0.36363636 | AF87: =V87+AC87 -> 30000
B88: 11252018 | C88: Md. Mohibur Rahman | E88: 0 | F88: Inactive | G88: Inactive | H88: Inactive | I88: Inactive | J88: 0 | K88: Inactive | L88: 0 | N88: Active | O88: BTL/KYL | P88: Commercial | Q88: Trainee Officer | R88: =V88-S88 -> 15000 | S88: 5000 | U88: =S88/R88 -> 0.33333333 | V88: 20000 | X88: Active | Y88: BTL/KYL | Z88: Commercial | AA88: Trainee Officer | AB88: =AF88-AC88 -> 20000 | AC88: 5000 | AE88: =AC88/AB88 -> 0.25 | AF88: =V88+AC88 -> 25000
B89: 10702016 | C89: Abdur Rahman | E89: 5000 | F89: Active | G89: BTL/KYL | H89: Commercial | I89: Jr. Officer | J89: 4000 | L89: 24000 | N89: Active | O89: Pioneer Denim Limited | P89: Import | Q89: Executive | R89: =V89-S89 -> 24000 | S89: 4000 | U89: =S89/R89 -> 0.16666667 | V89: =L89+S89 -> 28000 | X89: Active | Y89: Pioneer Denim Limited | Z89: Import | AA89: Executive | AB89: =AF89-AC89 -> 28000 | AC89: 7000 | AE89: =AC89/AB89 -> 0.25 | AF89: =V89+AC89 -> 35000
B90: 10122006 | C90: Kh. Moyazzem Hossain | E90: 0 | F90: Active | G90: BTL/KYL | H90: Commercial | I90: Executive | J90: 4000 | L90: 39000 | N90: Active | O90: Pioneer Denim Limited | P90: Commercial | Q90: Executive | R90: =V90-S90 -> 39000 | S90: 3000 | U90: =S90/R90 -> 0.076923077 | V90: =L90+S90 -> 42000 | X90: Inactive | AB90: =AF90-AC90 -> 0
B91: 20652014 | C91: Md. Khurshid Alam | E91: 10000 | F91: Active | G91: BTL/KYL | H91: Civil | I91: Deputy General Manager | J91: 40000 | L91: 150000 | V91: =L91+S91 -> 150000 | AB91: =AF91-AC91 -> 0
B92: 20702016 | C92: Mohammad Rajibur Rahman | E92: 0 | F92: Active | G92: BTL/KYL | H92: Civil | I92: ? | J92: 0 | L92: 120000 | V92: =L92+S92 -> 120000 | X92: Inactive | AB92: =AF92-AC92 -> 0
B93: 10672016 | C93: Abdullah Al Arif | E93: 0 | F93: Active | G93: BTL/KYL | H93: Administration | I93: Assistant Manager | J93: 2000 | L93: 42000 | V93: =L93+S93 -> 42000 | X93: Inactive | AB93: =AF93-AC93 -> 0
B94: 10081999 | C94: Md. Bakiullah | E94: 2000 | F94: Active | G94: BTL/KYL | H94: Administration | I94: ? | J94: 2000 | L94: 52000 | N94: Active | O94: BTL/KYL | P94: Estate & Legal | Q94: ? | R94: =V94-S94 -> 52000 | S94: 3000 | U94: =S94/R94 -> 0.057692308 | V94: =L94+S94 -> 55000 | X94: Active | Y94: BTL/KYL | Z94: Commercial | AA94: ? | AB94: =AF94-AC94 -> 55000 | AC94: 7000 | AE94: =AC94/AB94 -> 0.12727273 | AF94: =V94+AC94 -> 62000
B95: 20912016 | C95: Habibullah | E95: 5000 | F95: Active | G95: BTL/KYL | H95: Administration | I95: Executive | J95: 2000 | L95: 35000 | N95: Active | O95: BTL/KYL | P95: Estate & Legal | Q95: Executive | R95: =V95-S95 -> 35000 | S95: 7000 | U95: =S95/R95 -> 0.2 | V95: =L95+S95 -> 42000 | X95: Active | Y95: BTL/KYL | Z95: Estate & Legal | AA95: Manager | AB95: =AF95-AC95 -> 42000 | AC95: 15000 | AE95: =AC95/AB95 -> 0.35714286 | AF95: =V95+AC95 -> 57000
B96: 10962017 | C96: Md. Faruk Reza | E96: 0 | F96: Active | G96: BTL/KYL | H96: Administration | I96: Officer | J96: 0 | L96: 55000 | N96: Inactive | O96: Inactive | P96: Inactive | Q96: Inactive | R96: =V96-S96 -> 0 | S96: 0 | T96: Inactive | V96: 0 | X96: Inactive | AB96: =AF96-AC96 -> 0
B97: 11242018 | C97: Md. Towfiqul Islam | E97: 0 | F97: Inactive | G97: Inactive | H97: Inactive | I97: Inactive | J97: 0 | K97: Inactive | L97: 0 | N97: Active | O97: BTL/KYL | P97: Legal & Estate | Q97: Asst. Manager | R97: =V97-S97 -> 40000 | S97: 0 | U97: =S97/R97 -> 0 | V97: 40000 | X97: Active | Y97: BTL/KYL | Z97: Estate & Legal | AA97: Assistant Manager | AB97: =AF97-AC97 -> 40000 | AC97: 5000 | AE97: =AC97/AB97 -> 0.125 | AF97: =V97+AC97 -> 45000
B98: 11002017 | C98: Md. Al Amin Ahmed | E98: 0 | F98: Active | G98: BTL/KYL | H98: Administration | I98: Assistant Manager | J98: 0 | L98: 40000 | N98: Inactive | O98: Inactive | P98: Inactive | Q98: Inactive | R98: =V98-S98 -> 0 | S98: 0 | T98: Inactive | V98: 0 | X98: Inactive | AB98: =AF98-AC98 -> 0
B99: 10172019 | C99: Md. Mokhlesur Rahman Masum | E99: 3000 | F99: Active | G99: BTL/KYL | H99: Administration | I99: Manager - Protocol | J99: 4000 | L99: 37000 | N99: Active | O99: BTL/KYL | P99: Administration | Q99: ? | R99: =V99-S99 -> 37000 | S99: 3000 | U99: =S99/R99 -> 0.081081081 | V99: =L99+S99 -> 40000 | X99: Inactive | AB99: =AF99-AC99 -> 0
B100: 20862017 | C100: Md. Shamim Hossain | E100: 0 | F100: Active | G100: BTL/KYL | H100: Administration | I100: ? | J100: 3000 | L100: 18000 | N100: Active | O100: BTL/KYL | P100: Administration | Q100: ? | R100: =V100-S100 -> 18000 | S100: 6000 | U100: =S100/R100 -> 0.33333333 | V100: =L100+S100 -> 24000 | X100: Active | Y100: BTL/KYL | Z100: Administration | AA100: ? | AB100: =AF100-AC100 -> 24000 | AC100: 6000 | AE100: =AC100/AB100 -> 0.25 | AF100: =V100+AC100 -> 30000
...

Sheet Sheet4
A1: Business_Unit_20 | B1: Pioneer Denim Limited
A2: Department_20 | B2: Administration
A4: Row Labels | B4: Sum of Increment_20 | C4: Sum of Perc_20 | D4: Sum of Salary_20
A5: Bayazid Hossen Gulzar | B5: 5000 | C5: 0.37154989 | D5: 17000
A6: Messenger | B6: 5000 | C6: 0.37154989 | D6: 17000
A7: Jalal Gazi | B7: 2000 | C7: 0.11889597 | D7: 17000
A8: Cleaner | B8: 2000 | C8: 0.11889597 | D8: 17000
A9: Jashim Uddin | B9: 2000 | C9: 0.12738854 | D9: 16000
A10: Messenger | B10: 2000 | C10: 0.12738854 | D10: 16000
A11: Md. Habib Prodhan | B11: 0 | C11: 0 | D11: 12000
A12: Messenger | B12: 0 | C12: 0 | D12: 12000
A13: Md. Mehedi Hasan | B13: 2000 | C13: 0.12738854 | D13: 16000
A14: Messenger | B14: 2000 | C14: 0.12738854 | D14: 16000
A15: Md. Saiful Islam | B15: 2000 | C15: 0.12738854 | D15: 16000
A16: Messenger | B16: 2000 | C16: 0.12738854 | D16: 16000
... A19: Grand Total | B19: 15000 | C19: 1 | D19: 110000

Sheet Sheet5
A1: Name | B1: Abrar Rahman Siam
A3: Sum of Increment_17 | B3: Sum of Increment_18 | C3: Sum of Increment_20
A4: 0 | B4: 7000 | C4: 5000
E6: =GETPIVOTDATA("Sum of Increment_17",$A$3) -> 0 | F6: =GETPIVOTDATA("Sum of Increment_18",$A$3) -> 7000 | G6: =GETPIVOTDATA("Sum of Increment_20",$A$3) -> 5000

Sheet 2019
A1: SL | B1: ID | C1: Name | D1: DOJ | E1: Emp_Status | F1: Business_Unit_18 | G1: Department_18 | H1: Position_18 | I1: Previous Salary_18 | J1: Increment_18 | K1: Promotion_18 | L1: Perc_18 | M1: Salary_18 | N1: Remarks_18
B2: 10062011 | C2: Md. Kamruzzaman | E2: Active | F2: BTL/KYL | G2: Marketing & Sales | H2: Head of Marketing & Sales | I2: 102000 | J2: 48000 | L2: 0.47058824 | M2: 150000 | N2: AE: 25k, SP: 23k
B3: 20042012 | C3: Mohammed Nurul Akter Chowdhury | E3: Active | F3: BTL/KYL | G3: Marketing & Sales | H3: Head of Marketing (Rotor) | I3: 100000 | J3: 20000 | L3: 0.2 | M3: 120000
B4: 10042008 | C4: Liton Apu Biswas | E4: Active | F4: BTL/KYL | G4: Marketing & Sales | H4: Head of Marketing (North Zone) | I4: 100000 | J4: 20000 | L4: 0.2 | M4: 120000
B5: 10052012 | C5: Md. Abdul Maleque | E5: Active | F5: BTL/KYL | G5: Marketing & Sales | H5: Head of Marketing (Middle Zone) | I5: 90000 | J5: 20000 | L5: 0.22222222 | M5: 110000
B6: 20532015 | C6: Md. Mahmudul Alam Chapol | E6: Active | F6: BTL/KYL | G6: Marketing & Sales | H6: Assistant Manager | I6: 60000 | J6: 10000 | L6: 0.16666667 | M6: 70000
B7: 21072016 | C7: Md. Alamgir Mia | E7: Active | F7: BTL/KYL | G7: Marketing & Sales | H7: Assistant Manager | I7: 54000 | J7: 4000 | L7: 0.074074074 | M7: 58000
B8: 10132009 | C8: Ahsan Shiblee | E8: Active | F8: BTL/KYL | G8: Marketing & Sales | H8: Assistant Manager | I8: 45000 | J8: 5000 | L8: 0.11111111 | M8: 50000
B9: 10582007 | C9: Md. Mahabubur Rahman | E9: Active | F9: BTL/KYL | G9: Marketing & Sales | H9: ? | I9: 35000 | J9: 0 | L9: 0 | M9: 35000
B10: 10782016 | C10: Mohammad Kawsar Molla | E10: Active | F10: BTL/KYL | G10: Finance & Accounts | H10: Head of Finance & Accounts | I10: 180000 | J10: 5000 | L10: 0.027777778 | M10: 185000
B11: 21152017 | C11: Mir Muhshiuzzaman | E11: Active | F11: BTL/KYL | G11: Finance & Accounts | H11: Manager | I11: 105000 | J11: 5000 | L11: 0.047619048 | M11: 110000
B12: 20332017 | C12: Moniruzzaman | E12: Active | F12: BTL/KYL | G12: Finance & Accounts | H12: Assistant Manager | I12: 67000 | J12: 3000 | L12: 0.044776119 | M12: 70000
B13: 20342009 | C13: Mohammad Shawkot Alam | E13: Active | F13: BTL/KYL | G13: Finance & Accounts | H13: Senior Executive | I13: 47000 | J13: 3000 | L13: 0.063829787 | M13: 50000
B14: 10752016 | C14: Md. Sharforaz Hossain | E14: Active | F14: BTL/KYL | G14: Finance & Accounts | H14: Executive | I14: 35000 | J14: 5000 | L14: 0.14285714 | M14: 40000
... B43: 20072000 | C43: Rakibul Hasan Chowdhury | E43: Active | F43: BTL/KYL | G43: Commercial | H43: Incharge | I43: 55000 | J43: 4000 | L43: 0.072727273 | M43: 59000
B44: 20122009 | C44: Syed Mahmood Hassan | E44: Active | F44: BTL/KYL | G44: Commercial | H44: Jr. Officer | I44: 35000 | J44: 6000 | L44: 0.17142857 | M44: 41000 | N44: AI: 3k, SP: 3k
B45: 21142017 | C45: Sohebul Islam | E45: Active | F45: BTL/KYL | G45: Commercial | H45: Jr. Officer | I45: 22000 | J45: 5000 | L45: 0.22727273 | M45: 27000
B46: 10542014 | C46: Md. Foysal Hassan | E46: Active | F46: BTL/KYL | G46: Commercial | H46: Executive | I46: 25000 | J46: 4000 | L46: 0.16 | M46: 29000
B47: 10192011 | C47: Md. Kamal Ahmed | E47: Active | F47: BTL/KYL | G47: Commercial | H47: Jr. Officer | I47: 27000 | J47: 5000 | L47: 0.18518519 | M47: 32000
B48: 20062000 | C48: Asraful Islam | E48: Active | F48: BTL/KYL | G48: Commercial | H48: Incharge | I48: 63000 | J48: 5000 | L48: 0.079365079 | M48: 68000
B49: 10112004 | C49: Mohmmad Omar Faruque | E49: Active | F49: BTL/KYL | G49: Commercial | H49: Executive | I49: 35000 | J49: 5000 | L49: 0.14285714 | M49: 40000
B50: 20172012 | C50: Md. Al-Amin Khan | E50: Active | F50: BTL/KYL | G50: Legal & Estate | H50: Executive | I50: 26000 | J50: 4000 | L50: 0.15384615 | M50: 30000
B51: 21312018 | C51: Muhammad Milon Hossain Molla | E51: Active | F51: BTL/KYL | G51: Commercial | H51: ? | I51: 14000 | J51: 6000 | L51: 0.42857143 | M51: 20000
B52: 10202011 | C52: Muhammad Momin Hossen | E52: Active | F52: BTL/KYL | G52: Commercial | H52: Executive | I52: 22000 | J52: 3000 | L52: 0.13636364 | M52: 25000
B53: 10212011 | C53: Md. Shakamal | E53: Active | F53: BTL/KYL | G53: Commercial | H53: ? | I53: 22000 | J53: 5000 | L53: 0.22727273 | M53: 27000
B54: 10222012 | C54: Ashiqur Rahman Robin | E54: Active | F54: BTL/KYL | G54: Commerical | H54: ? | I54: 22000 | J54: 8000 | L54: 0.36363636 | M54: 30000
B55: 10522014 | C55: Arshadul Haque Molla | E55: Active | F55: BTL/KYL | G55: Commercial | H55: ? | I55: 20000 | J55: 3000 | L55: 0.15 | M55: 23000
B56: 20892017 | C56: Mahamudun Nabi Ove | E56: Active | F56: BTL/KYL | G56: Commercial | H56: Jr. Executive | I56: 15000 | J56: 5000 | L56: 0.33333333 | M56: 20000
... B97: 21422018 | C97: Md. Karimul | E97: Active | F97: BTL/KYL | G97: Administration | H97: Lift Man | I97: 14000 | J97: 2000 | L97: 0.14285714 | M97: 16000
B98: 21392018 | C98: Md. Mehedi Hasan | E98: Active | F98: BTL/KYL | G98: Administration | H98: Peon | I98: 10000 | J98: 4000 | L98: 0.4 | M98: 14000 | N98: As per Grading
B99: 21382018 | C99: Md. Jamal Hossain | E99: Active | F99: BTL/KYL | G99: Administration | H99: Peon | I99: 10000 | J99: 2000 | L99: 0.2 | M99: 12000
B100: 21512019 | C100: Nasima | E100: Active | F100: BTL/KYL | G100: Administration | H100: Asst. Cook | I100: 9000 | J100: 1000 | L100: 0.11111111 | M100: 10000
B101: 21412018 | C101: Md. Masud Rana | E101: Active | F101: BTL/KYL | G101: Administration | H101: Asst. Cook | I101: 10000 | J101: 3000 | L101: 0.3 | M101: 13000
B102: 21252018 | C102: Md. Shazib Madbar | E102: Active | F102: BTL/KYL | G102: Transport | H102: Driver | I102: 18000 | J102: 1000 | L102: 0.055555556 | M102: 19000 | N102: Grade A
B103: 20522011 | C103: Md. Lokman Hossain | E103: Active | F103: BTL/KYL | G103: Transport | H103: Driver | I103: 17000 | J103: 2000 | L103: 0.11764706 | M103: 19000 | N103: Grade A
B104: 21242018 | C104: Md. Rubel | E104: Active | F104: BTL/KYL | G104: Transport | H104: Driver | I104: 17000 | J104: 2000 | L104: 0.11764706 | M104: 19000 | N104: Grade A
B105: 10612015 | C105: Md. Abu Hanif | E105: Active | F105: BTL/KYL | G105: Transport | H105: Driver | I105: 17000 | J105: 2000 | L105: 0.11764706 | M105: 19000 | N105: Grade A
B106: 11152018 | C106: Md. Asaduzzaman Fakir | E106: Active | F106: BTL/KYL | G106: Transport | H106: Driver | I106: 17000 | J106: 1000 | L106: 0.058823529 | M106: 18000 | N106: Grade B
B107: 11282018 | C107: Md. Shahjada Bhuiyan | E107: Active | F107: BTL/KYL | G107: Audit | H107: Assistant Manager | I107: 42000 | J107: 0 | L107: 0 | M107: 42000
B108: 21452019 | C108: Md. Masum Billah | E108: Active | F108: BTL/KYL | G108: Audit | H108: Audit Assistant | I108: 14000 | J108: 2000 | L108: 0.14285714 | M108: 16000
B109: 21472019 | C109: Taslim Ahmed | E109: Active | F109: BTL/KYL | G109: Procurement | H109: Officer | I109: 35000 | J109: 0 | L109: 0 | M109: 35000
B110: 11302019 | C110: Md. Akkas Mian (Sehan) | E110: Active | F110: BTL/KYL | G110: Marketing & Sales | H110: Executive | I110: 35000 | J110: 4000 | L110: 0.11428571 | M110: 39000
B111: 21462019 | C111: Md. Rashel | E111: Active | F111: BTL/KYL | G111: Import | H111: Sr. Executive | I111: 40000 | J111: 2000 | L111: 0.05 | M111: 42000
B112: 21442018 | C112: Dinaj Mia | E112: Active | F112: BTL/KYL | G112: Administration | H112: Peon | I112: 10000 | J112: 0 | L112: 0 | M112: 10000
B113: 21642019 | C113: Sabuj (Md. Saiful) | E113: Active | F113: BTL/KYL | G113: Transport | H113: Driver | I113: 18000 | J113: 1000 | L113: 0.055555556 | M113: 19000 | N113: A
B114: 21562019 | C114: Md. Imran Hossain | E114: Active | F114: BTL/KYL | G114: Transport | H114: Driver | I114: 18000 | J114: 1000 | L114: 0.055555556 | M114: 19000 | N114: A
B115: 21622019 | C115: Abdul Rahim | E115: Active | F115: BTL/KYL | G115: Transport | H115: Driver | I115: 18000 | J115: 1000 | L115: 0.055555556 | M115: 19000 | N115: A
B116: 21632019 | C116: Md. Zillur Rahman | E116: Active | F116: BTL/KYL | G116: Transport | H116: Driver | I116: 18000 | J116: 1000 | L116: 0.055555556 | M116: 19000 | N116: A
B117: 21682019 | C117: Md Shafiqul Islam | E117: Active | F117: BTL/KYL | G117: Transport | H117: Driver | I117: 18000 | J117: 1000 | L117: 0.055555556 | M117: 19000 | N117: A
B118: 21532019 | C118: Zafor Ahammad | E118: Active | F118: BTL/KYL | G118: Transport | H118: Driver | I118: 17000 | J118: 1000 | L118: 0.058823529 | M118: 18000 | N118: B
B119: 21732020 | C119: Md. Mainuddin | E119: Active | F119: BTL/KYL | G119: Transport | H119: Driver | I119: 17000 | J119: 0 | M119: 17000 | N119: C
B121: 10582015 | C121: Jashim Uddin | E121: Active | F121: Pioneer Denim Limited | G121: Administration | H121: Messenger | I121: 11000 | J121: 3000 | L121: 0.27272727 | M121: 14000 | Q121: Amount | R121: No's | S121: increment % | T121: Salary Dec'20 | U121: % in Total
B122: 20792016 | C122: Md. Saiful Islam | E122: Active | F122: Pioneer Denim Limited | G122: Administration | H122: Messenger | I122: 11000 | J122: 3000 | L122: 0.27272727 | M122: 14000 | P122: Marketing | Q122: =SUMIF(G121:N161,P122,J121:J161) -> 40000 | R122: =COUNTIF(G121:G161,P122) -> 7 | S122: =AVERAGEIF(G121:M161,P122,L121:L161) -> 0.20122655 | U122: =Q122/T122 -> #DIV/0!
B123: 21122017 | C123: Robin | E123: Active | F123: Pioneer Denim Limited | G123: Administration | H123: Messenger | I123: 11000 | J123: 3000 | L123: 0.27272727 | M123: 14000 | P123: Finance & Accounts | Q123: =SUMIF(G121:N161,P123,J121:J161) -> 41000 | R123: =COUNTIF(G121:G161,P123) -> 6 | S123: =AVERAGEIF(G121:M161,P123,L121:L161) -> 0.26227106 | U123: =Q123/T123 -> #DIV/0!
B124: 30532016 | C124: Md. Shamsur Rahman Shams | E124: Active | F124: Pioneer Denim Limited | G124: Administration | H124: Jr. Officer | I124: 23000 | J124: 3000 | L124: 0.13043478 | M124: 26000 | P124: Audit | Q124: =SUMIF(G121:N161,P124,J121:J161) -> 8000 | R124: =COUNTIF(G121:G161,P124) -> 2 | S124: =AVERAGEIF(G121:M161,P124,L121:L161) -> 0.10535714 | U124: =Q124/T124 -> #DIV/0!
B125: 40472018 | C125: Md. Mojammel Hoque | E125: Active | F125: Pioneer Denim Limited | G125: Administration | H125: Messenger | I125: 11000 | J125: 3000 | L125: 0.27272727 | M125: 14000 | P125: Procurement | Q125: =SUMIF(G121:N161,P125,J121:J161) -> 29000 | R125: =COUNTIF(G121:G161,P125) -> 6 | S125: =AVERAGEIF(G121:M161,P125,L121:L161) -> 0.17766695 | U125: =Q125/T125 -> #DIV/0!
B126: 40332018 | C126: Jalal Gazi | E126: Active | F126: Pioneer Denim Limited | G126: Administration | H126: Cleaner | I126: 12000 | J126: 3000 | L126: 0.25 | M126: 15000 | P126: Commercial | Q126: =SUMIF(G121:N161,P126,J121:J161) -> 40000 | R126: =COUNTIF(G121:G161,P126) -> 10 | S126: =AVERAGEIF(G121:M161,P126,L121:L161) -> 0.21089032 | U126: =Q126/T126 -> #DIV/0!
B127: 40352018 | C127: Md. Nur Mahamud | E127: Active | F127: Pioneer Denim Limited | G127: Audit | H127: Officer | I127: 35000 | J127: 3000 | L127: 0.085714286 | M127: 38000 | P127: Import | Q127: =SUMIF(G121:N161,P127,J121:J161) -> 14000 | R127: =COUNTIF(G121:G161,P127) -> 3 | S127: =AVERAGEIF(G121:M161,P127,L121:L161) -> 0.17222222 | U127: =Q127/T127 -> #DIV/0!
B128: 20812016 | C128: Md. Yeakub Ali | E128: Active | F128: Pioneer Denim Limited | G128: Audit | H128: Executive | I128: 40000 | J128: 5000 | L128: 0.125 | M128: 45000 | P128: Customs | Q128: =SUMIF(G121:N161,P128,J121:J161) -> 0 | U128: =Q128/T128 -> #DIV/0!
B129: 10092005 | C129: Md. Saifur Rahaman | E129: Active | F129: Pioneer Denim Limited | G129: Commercial | H129: Sr. Executive | I129: 47000 | J129: 5000 | L129: 0.10638298 | M129: 52000 | P129: Planning & Coordination | Q129: =SUMIF(G121:N161,P129,J121:J161) -> 0 | U129: =Q129/T129 -> #DIV/0!
B130: 20152010 | C130: Md. Arif Hossain | E130: Active | F130: Pioneer Denim Limited | G130: Commercial | H130: Executive | I130: 25000 | J130: 4000 | L130: 0.16 | M130: 29000 | P130: Costing | Q130: =SUMIF(G121:N161,P130,J121:J161) -> 0 | R130: =COUNTIF(G121:G161,P130) -> 1 | S130: 0 | U130: =Q130/T130 -> #DIV/0!
B131: 21182018 | C131: Md. Borhan Uddin | E131: Active | F131: Pioneer Denim Limited | G131: Commercial | H131: Executive | I131: 17000 | J131: 4000 | L131: 0.23529412 | M131: 21000 | P131: Information Technology | Q131: =SUMIF(G121:N161,P131,J121:J161) -> 0 | U131: =Q131/T131 -> #DIV/0!
B132: 20102008 | C132: Prabir Das | E132: Active | F132: Pioneer Denim Limited | G132: Commercial | H132: Incharge | I132: 60000 | J132: 5000 | L132: 0.083333333 | M132: 65000 | P132: Administration | Q132: =SUMIF(G121:N161,P132,J121:J161) -> 18000 | R132: =COUNTIF(G121:G161,P132) -> 6 | S132: =AVERAGEIF(G121:M161,P132,L121:L161) -> 0.24522398 | U132: =Q132/T132 -> #DIV/0!
B133: 10122006 | C133: Kh. Moyazzem Hossain | E133: Active | F133: Pioneer Denim Limited | G133: Commercial | H133: Executive | I133: 39000 | J133: 3000 | L133: 0.076923077 | M133: 42000 | Q133: =SUM(Q122:Q132) -> 190000 | R133: =SUM(R122:R132) -> 41 | S133: =AVERAGE(S122:S132) -> 0.17185728 | T133: =SUM(T122:T132) -> 0
B134: 40322018 | C134: Nabil Hasan | E134: Active | F134: Pioneer Denim Limited | G134: Commercial | H134: Messenger | I134: 11000 | J134: 4000 | L134: 0.36363636 | M134: 15000 | Q134: =Q133/R133 -> 4634.1463
B135: 21402018 | C135: Jalal Ahmmed | E135: Active | F135: Pioneer Denim Limited | G135: Commercial | H135: Trainee Officer | I135: 15000 | J135: 5000 | L135: 0.33333333 | M135: 20000
B136: 40442018 | C136: Mohammad Tamjid Hasan | E136: Active | F136: Pioneer Denim Limited | G136: Commercial | H136: Trainee Officer | I136: 15000 | J136: 5000 | L136: 0.33333333 | M136: 20000
B137: 40622019 | C137: Md. Munirul Islam | E137: Active | F137: Pioneer Denim Limited | G137: Commercial | H137: Trainee Officer | I137: 12000 | J137: 5000 | L137: 0.41666667 | M137: 17000
B138: 40562019 | C138: Mehedi Al Masud | E138: Active | F138: Pioneer Denim Limited | G138: Commercial | H138: Trainee Officer | I138: 15000 | J138: 0 | L138: 0 | M138: 15000
B139: 40602019 | C139: Mohammad Rafiqul Islam | E139: Active | F139: Pioneer Denim Limited | G139: Costing | H139: Head of Costing | I139: 150000 | J139: 0 | L139: 0 | M139: 150000
B140: 21042017 | C140: Mahbub Alam | E140: Active | F140: Pioneer Denim Limited | G140: Finance & Accounts | H140: Executive | I140: 35000 | J140: 5000 | L140: 0.14285714 | M140: 40000
A141: a | B141: 40312017 | C141: Md. Shahidul Islam | E141: Active | F141: Pioneer Denim Limited | G141: Finance & Accounts | H141: Assistant Manager | I141: 40000 | J141: 5000 | L141: 0.125 | M141: 45000
B142: 40512018 | C142: Mohammad Kamruzzaman Noman | E142: Active | F142: Pioneer Denim Limited | G142: Finance & Accounts | H142: Officer | I142: 25000 | J142: 5000 | L142: 0.2 | M142: 30000
B143: 40452018 | C143: Md. Mahmudul Hasan | E143: Active | F143: Pioneer Denim Limited | G143: Finance & Accounts | H143: Trainee Officer | I143: 16000 | J143: 6000 | L143: 0.375 | M143: 22000
B144: 40462018 | C144: Tariqul Islam | E144: Active | F144: Pioneer Denim Limited | G144: Finance & Accounts | H144: Trainee Officer | I144: 10000 | J144: 5000 | L144: 0.5 | M144: 15000
B145: 40712019 | C145: Chitta Ranjan Saha | E145: Active | F145: Pioneer Denim Limited | G145: Finance & Accounts | H145: Manager | I145: 65000 | J145: 15000 | L145: 0.23076923 | M145: 80000
B146: 10252008 | C146: Azmul Karim | E146: Active | F146: Pioneer Denim Limited | G146: Import | H146: Assistant Manager | I146: 40000 | J146: 6000 | L146: 0.15 | M146: 46000
B147: 10702016 | C147: Abdur Rahman | E147: Active | F147: Pioneer Denim Limited | G147: Import | H147: Executive | I147: 24000 | J147: 4000 | L147: 0.16666667 | M147: 28000
B148: 40392018 | C148: Kumar Pretresh Bhattacharjce | E148: Active | F148: Pioneer Denim Limited | G148: Import | H148: Executive | I148: 20000 | J148: 4000 | L148: 0.2 | M148: 24000
B149: 40362018 | C149: Md. Hasibul Huda | E149: Active | F149: Pioneer Denim Limited | G149: Marketing | H149: Deputy General Manager | I149: 350000 | J149: 0 | L149: 0 | M149: 350000
B150: 40052018 | C150: Atekur Rahman Nayim | E150: Active | F150: Pioneer Denim Limited | G150: Marketing | H150: ARM | I150: 55000 | J150: 13000 | L150: 0.23636364 | M150: 68000 | N150: AI: 5k, SP: 8k
B151: 40372018 | C151: Gazi Fayshal Ahmed | E151: Active | F151: Pioneer Denim Limited | G151: Marketing | H151: JRM | I151: 25000 | J151: 5000 | L151: 0.2 | M151: 30000
B152: 40432018 | C152: Md. Zahidur Rahman | E152: Active | F152: Pioneer Denim Limited | G152: Marketing | H152: ARM | I152: 40000 | J152: 10000 | L152: 0.25 | M152: 50000 | N152: AI: 4k, SP: 6k
B153: 40592019 | C153: Abrar Rahman Siam | E153: Active | F153: Pioneer Denim Limited | G153: Marketing | H153: JRM | I153: 18000 | J153: 7000 | L153: 0.38888889 | M153: 25000
B154: 40652019 | C154: Md. Arafat Hossain | E154: Active | F154: Pioneer Denim Limited | G154: Marketing | H154: ARM | I154: 55000 | J154: 0 | L154: 0 | M154: 55000
B155: 40612019 | C155: Ali Asrafuzzaman | E155: Active | F155: Pioneer Denim Limited | G155: Marketing | H155: JRM | I155: 15000 | J155: 5000 | L155: 0.33333333 | M155: 20000
B156: 10352009 | C156: Muhammad Ashraful Alam | E156: Active | F156: Pioneer Denim Limited | G156: Procurement | H156: Head of Procurement | I156: 45000 | J156: 10000 | L156: 0.22222222 | M156: 55000
B157: 10952017 | C157: Mohammad Mehedi Hasan | E157: Active | F157: Pioneer Denim Limited | G157: Procurement | H157: Jr. Executive | I157: 18000 | J157: 5000 | L157: 0.27777778 | M157: 23000
B158: 20692016 | C158: S.M. Mahdi Hasan | E158: Active | F158: Pioneer Denim Limited | G158: Procurement | H158: Executive | I158: 28000 | J158: 3000 | L158: 0.10714286 | M158: 31000
B159: 40422018 | C159: Md. Shohidulla Hassan | E159: Active | F159: Pioneer Denim Limited | G159: Procurement | H159: Trainee Officer | I159: 18000 | J159: 5000 | L159: 0.27777778 | M159: 23000
B160: 40522018 | C160: Md. Mizanur Rahman | E160: Active | F160: Pioneer Denim Limited | G160: Procurement | H160: Assistant Manager | I160: 37000 | J160: 3000 | L160: 0.081081081 | M160: 40000
B161: 40502018 | C161: Shamsuzzaman | E161: Active | F161: Pioneer Denim Limited | G161: Procurement | H161: Executive | I161: 30000 | J161: 3000 | L161: 0.1 | M161: 33000
I162: =SUM(I121:I161) -> 1569000 | J162: =SUM(J121:J161) -> 190000 | L162: =AVERAGE(L121:L161) -> 0.20380102
B164: 30250000 | C164: Md. Habibur Rahman Siddique | E164: Active | F164: PKBDL | G164: Customs | H164: Manager | I164: 52000 | J164: 8000 | L164: 0.15384615 | M164: 60000
B165: 30702018 | C165: Md. Humayun Kobir | E165: Active | F165: PKBDL | G165: Customs | H165: Executive | I165: 24000 | J165: 6000 | L165: 0.25 | M165: 30000
B166: 30482016 | C166: Md. Mohin | E166: Active | F166: PKBDL | G166: Utility | H166: Electrician | I166: 21000 | J166: 2000 | L166: 0.095238095 | M166: 23000

Sheet 2020
A1: SL | B1: ID | C1: Name | D1: DOJ | E1: Employment | F1: Business_Unit_20 | G1: Department_20 | H1: Position_20 | I1: Previous Salary | J1: Increment_20 | K1: Promotion_20 | L1: Perc_20 | M1: Salary_20 | N1: Remarks_20
B3: 20862017 | C3: Md. Shamim Hossain | E3: Active | F3: BTL/KYL | G3: Administration | H3: ? | I3: 24000 | J3: 6000 | L3: 0.25 | M3: 30000
B4: 21062016 | C4: Md. Shahin Alom | E4: Active | F4: BTL/KYL | G4: Administration | H4: Receptionist | I4: 22000 | J4: 7000 | L4: 0.31818182 | M4: 29000
B5: 10431999 | C5: Md. Azam Pasha | E5: Active | F5: BTL/KYL | G5: Administration | H5: Peon | I5: 18000 | J5: 2000 | L5: 0.11111111 | M5: 20000
B6: 10632016 | C6: Abul Bashar Sheikh | E6: Active | F6: BTL/KYL | G6: Administration | H6: Cleaner | I6: 15000 | J6: 2000 | L6: 0.13333333 | M6: 17000
B7: 20420000 | C7: Md. Anis Miah | E7: Active | F7: BTL/KYL | G7: Administration | H7: Peon | I7: 16000 | J7: 2000 | L7: 0.125 | M7: 18000
B8: 21082017 | C8: Md. Alamgir Hossain | E8: Active | F8: BTL/KYL | G8: Administration | H8: Peon | I8: 13000 | J8: 3000 | L8: 0.23076923 | M8: 16000
B9: 20872017 | C9: Mamun Hossen | E9: Active | F9: BTL/KYL | G9: Administration | H9: Peon | I9: 13000 | J9: 3000 | L9: 0.23076923 | M9: 16000
B10: 20412000 | C10: Md. Tamiz Uddin | E10: Active | F10: BTL/KYL | G10: Administration | H10: Cook | I10: 16000 | J10: 2000 | L10: 0.125 | M10: 18000
B11: 20442006 | C11: Md. Kabir | E11: Active | F11: BTL/KYL | G11: Administration | H11: Cook | I11: 16000 | J11: 2000 | L11: 0.125 | M11: 18000
B12: 21012017 | C12: Md. Foysal Hossen | E12: Active | F12: BTL/KYL | G12: Administration | H12: Asst. Cook | I12: 12000 | J12: 2000 | L12: 0.16666667 | M12: 14000
B13: 21022017 | C13: Md. Sohel Hossen | E13: Active | F13: BTL/KYL | G13: Administration | H13: Peon | I13: 12000 | J13: 2000 | L13: 0.16666667 | M13: 14000
B14: 11082018 | C14: Md. Miraz Molla | E14: Active | F14: BTL/KYL | G14: Administration | H14: Receiptionist | I14: 15000 | J14: 5000 | L14: 0.33333333 | M14: 20000
... B17: 21442018 | C17: Dinaj Mia | E17: Active | F17: BTL/KYL | G17: Administration | H17: Peon | I17: 10000 | J17: 2000 | L17: 0.2 | M17: 12000
B18: 11352020 | C18: Abdullah Al Arif | E18: Active | F18: BTL/KYL | G18: Administration | H18: Manager | I18: 50000 | J18: 8000 | L18: 0.16 | M18: 50000 | N18: Sp: 8k
B19: 21712019 | C19: Md. Shahjahan Mia | E19: Active | F19: BTL/KYL | G19: Administration | H19: Security | I19: 30000 | J19: 2000 | L19: 0.066666667 | M19: 32000
B20: 11482020 | C20: Dewan Md. Liaqat Ali | E20: Active | F20: BTL/KYL | G20: Administration | H20: Head of Administration | I20: 150000 | J20: 0 | L20: 0 | M20: 150000
B21: 21852020 | C21: S. M. Arif Ahmed | E21: Active | F21: BTL/KYL | G21: Administration | H21: Manager | I21: 50000 | J21: 0 | L21: 0 | M21: 50000
B22: 21662019 | C22: Md. Sakawat Hossain Apon | E22: Active | F22: BTL/KYL | G22: Administration | H22: Peon | I22: 11000 | J22: 2000 | L22: 0.18181818 | M22: 13000
B23: 21702019 | C23: Md. Riad Hossain | E23: Active | F23: BTL/KYL | G23: Administration | H23: Peon | I23: 10000 | J23: 2000 | L23: 0.2 | M23: 12000
B24: 21492019 | C24: Imam Hossain | E24: Active | F24: BTL/KYL | G24: Administration | H24: Asst. Cook | I24: 10000 | J24: 2000 | L24: 0.2 | M24: 12000
B25: 21592019 | C25: Md. Sohag Hossain | E25: Active | F25: BTL/KYL | G25: Administration | H25: Asst. Cook | I25: 8000 | J25: 3000 | L25: 0.375 | M25: 11000
B26: 21652019 | C26: Md. Mostafa Kamal | E26: Active | F26: BTL/KYL | G26: Administration | H26: Asst. Cook | I26: 9000 | J26: 2000 | L26: 0.22222222 | M26: 11000
B27: 21672019 | C27: Md. Salim Miha | E27: Active | F27: BTL/KYL | G27: Administration | H27: Asst. Cook | I27: 9000 | J27: 2000 | L27: 0.22222222 | M27: 11000
B28: 11012018 | C28: Mohammad Kabir Hossain | E28: Active | F28: BTL/KYL | G28: Audit | H28: Head of Audit | I28: 155000 | J28: 15000 | L28: 0.096774194 | M28: 170000
B29: 20282010 | C29: Md. Mehedi Hasan | E29: Active | F29: BTL/KYL | G29: Audit | H29: Sr. Executive | I29: 66000 | J29: 12000 | L29: 0.18181818 | M29: 78000
B30: 21132017 | C30: Md. Moniruzzaman | E30: Active | F30: BTL/KYL | G30: Audit | H30: Sr. Executive | I30: 50000 | J30: 10000 | L30: 0.2 | M30: 60000
... B32: 21452019 | C32: Md. Masum Billah | E32: Active | F32: BTL/KYL | G32: Audit | H32: Audit Assistant | I32: 16000 | J32: 5000 | L32: 0.3125 | M32: 21000
B33: 11432020 | C33: Md. Azam Ali | E33: Active | F33: BTL/KYL | G33: Audit | H33: Executive | I33: 35000 | J33: 0 | M33: 35000
B34: 20072000 | C34: Rakibul Hasan Chowdhury | E34: Active | F34: BTL/KYL | G34: Commercial | H34: Incharge | I34: 59000 | J34: 8000 | L34: 0.13559322 | M34: 67000
B35: 20122009 | C35: Syed Mahmood Hassan | E35: Active | F35: BTL/KYL | G35: Commercial | H35: Jr. Officer | I35: 41000 | J35: 5000 | L35: 0.12195122 | M35: 46000
B36: 21142017 | C36: Sohebul Islam | E36: Active | F36: BTL/KYL | G36: Commercial | H36: Jr. Officer | I36: 27000 | J36: 8000 | L36: 0.2962963 | M36: 35000
B37: 10542014 | C37: Md. Foysal Hassan | E37: Active | F37: BTL/KYL | G37: Commercial | H37: Executive | I37: 29000 | J37: 6000 | L37: 0.20689655 | M37: 35000
B38: 10192011 | C38: Md. Kamal Ahmed | E38: Active | F38: BTL/KYL | G38: Commercial | H38: Jr. Officer | I38: 32000 | J38: 6000 | L38: 0.1875 | M38: 38000
B39: 20062000 | C39: Asraful Islam | E39: Active | F39: BTL/KYL | G39: Commercial | H39: Incharge | I39: 68000 | J39: 12000 | L39: 0.17647059 | M39: 80000
B40: 21312018 | C40: Muhammad Milon Hossain Molla | E40: Active | F40: BTL/KYL | G40: Commercial | H40: Trainee Officer | I40: 20000 | J40: 6000 | L40: 0.3 | M40: 26000
B41: 10212011 | C41: Md. Shakamal | E41: Active | F41: BTL/KYL | G41: Commercial | H41: ? | I41: 27000 | J41: 5000 | L41: 0.18518519 | M41: 32000
B42: 10222012 | C42: Ashiqur Rahman Robin | E42: Active | F42: BTL/KYL | G42: Commercial | H42: ? | I42: 30000 | J42: 5000 | L42: 0.16666667 | M42: 35000
B43: 10522014 | C43: Arshadul Haque Molla | E43: Active | F43: BTL/KYL | G43: Commercial | H43: ? | I43: 23000 | J43: 5000 | L43: 0.2173913 | M43: 28000
B44: 20892017 | C44: Mahamudun Nabi Ove | E44: Active | F44: BTL/KYL | G44: Commercial | H44: Jr. Executive | I44: 20000 | J44: 5000 | L44: 0.25 | M44: 25000
B45: 10602007 | C45: Md. Aminul Islam | E45: Active | F45: BTL/KYL | G45: Commercial | H45: ? | I45: 22000 | J45: 3000 | L45: 0.13636364 | M45: 25000
... B119: 11462020 | C119: Md. Tuffazzal Hussain | E119: Active | F119: BTL/KYL | G119: Protocol | H119: Assistant Manager | I119: 50000 | J119: 0 | L119: 0 | M119: 50000
B120: 21252018 | C120: Md. Shazib Madbar | E120: Active | F120: BTL/KYL | G120: Transport | H120: Driver | I120: 19000 | J120: 1000 | L120: 0.052631579 | M120: 20000 | N120: A
B121: 20522011 | C121: Md. Lokman Hossain | E121: Active | F121: BTL/KYL | G121: Transport | H121: Driver | I121: 19000 | J121: 1000 | L121: 0.052631579 | M121: 20000 | N121: A
B122: 21242018 | C122: Md. Rubel | E122: Active | F122: BTL/KYL | G122: Transport | H122: Driver | I122: 19000 | J122: 1000 | L122: 0.052631579 | M122: 20000 | N122: A
B123: 10612015 | C123: Md. Abu Hanif | E123: Active | F123: BTL/KYL | G123: Transport | H123: Driver | I123: 19000 | J123: 1000 | L123: 0.052631579 | M123: 20000 | N123: A
B124: 21642019 | C124: Sabuj (Md. Saiful) | E124: Active | F124: BTL/KYL | G124: Transport | H124: Driver | I124: 19000 | J124: 1000 | L124: 0.052631579 | M124: 20000 | N124: A
B125: 21562019 | C125: Md. Imran Hossain | E125: Active | F125: BTL/KYL | G125: Transport | H125: Driver | I125: 19000 | J125: 1000 | L125: 0.052631579 | M125: 20000 | N125: A
B126: 21622019 | C126: Abdul Rahim | E126: Active | F126: BTL/KYL | G126: Transport | H126: Driver | I126: 19000 | J126: 1000 | L126: 0.052631579 | M126: 20000 | N126: A
B127: 21632019 | C127: Md. Zillur Rahman | E127: Active | F127: BTL/KYL | G127: Transport | H127: Driver | I127: 19000 | J127: 1000 | L127: 0.052631579 | M127: 20000 | N127: A
B128: 21682019 | C128: Md Shafiqul Islam | E128: Active | F128: BTL/KYL | G128: Transport | H128: Driver | I128: 19000 | J128: 1000 | L128: 0.052631579 | M128: 20000 | N128: A
B129: 21862021 | C129: Md. Abul Bashar Nasir | E129: Active | F129: BTL/KYL | G129: Transport | H129: Driver | I129: 19000 | J129: 1000 | L129: 0.052631579 | M129: 20000 | N129: A
B130: 21532019 | C130: Zafor Ahammad | E130: Active | F130: BTL/KYL | G130: Transport | H130: Driver | I130: 18000 | J130: 2000 | L130: 0.11111111 | M130: 20000 | N130: A
B131: 21832020 | C131: Md. Suzad Shek | E131: Active | F131: BTL/KYL | G131: Transport | H131: Driver | I131: 18000 | J131: 2000 | L131: 0.11111111 | M131: 20000 | N131: A
... B133: 21732020 | C133: Md. Mainuddin | E133: Active | F133: BTL/KYL | G133: Transport | H133: Driver | I133: 17000 | J133: 2000 | L133: 0.11764706 | M133: 19000 | N133: B
B134: 21422018 | C134: Md. Karimul | E134: Active | F134: BTL/KYL | G134: Utility | H134: Lift Man | I134: 16000 | J134: 2000 | L134: 0.125 | M134: 18000
B135: 30482016 | C135: Md. Mohin | E135: Active | F135: BTL/KYL | G135: Utility | H135: Electrician | I135: 23000 | J135: 2000 | L135: 0.086956522 | M135: 25000
B137: 10582015 | C137: Jashim Uddin | E137: Active | F137: Pioneer Denim Limited | G137: Administration | H137: Messenger | I137: 14000 | J137: 2000 | L137: 0.14285714 | M137: 16000
B138: 20792016 | C138: Md. Saiful Islam | E138: Active | F138: Pioneer Denim Limited | G138: Administration | H138: Messenger | I138: 14000 | J138: 2000 | L138: 0.14285714 | M138: 16000
B139: 21122017 | C139: Robin | E139: Active | F139: Pioneer Denim Limited | G139: Administration | H139: Messenger | I139: 14000 | J139: 2000 | L139: 0.14285714 | M139: 16000
B140: 21392018 | C140: Md. Mehedi Hasan | E140: Active | F140: Pioneer Denim Limited | G140: Administration | H140: Messenger | I140: 14000 | J140: 2000 | L140: 0.14285714 | M140: 16000
B141: 40332018 | C141: Jalal Gazi | E141: Active | F141: Pioneer Denim Limited | G141: Administration | H141: Cleaner | I141: 15000 | J141: 2000 | L141: 0.13333333 | M141: 17000
B142: 40962020 | C142: Md. Habib Prodhan | E142: Active | F142: Pioneer Denim Limited | G142: Administration | H142: Messenger | I142: 12000 | J142: 0 | L142: 0 | M142: 12000
B143: 40972020 | C143: Bayazid Hossen Gulzar | E143: Active | F143: Pioneer Denim Limited | G143: Administration | H143: Messenger | I143: 12000 | J143: 5000 | L143: 0.41666667 | M143: 17000
B144: 20812016 | C144: Md. Yeakub Ali | E144: Active | F144: Pioneer Denim Limited | G144: Audit | H144: Officer | I144: 45000 | J144: 8000 | L144: 0.17777778 | M144: 53000
B145: 41122020 | C145: Mahbubur Rahman Chowdhury | E145: Active | F145: Pioneer Denim Limited | G145: Audit | H145: Executive | I145: 28000 | J145: 0 | L145: 0 | M145: 28000
B146: 41132020 | C146: Md. Ariful Islam | E146: Active | F146: Pioneer Denim Limited | G146: Audit | H146: Executive | I146: 28000 | J146: 0 | L146: 0 | M146: 28000
... B164: 30702018 | C164: Md. Humayun Kobir | E164: Active | F164: Pioneer Denim Limited | G164: Customs | H164: Executive | I164: 30000 | J164: 5000 | L164: 0.16666667 | M164: 35000
B165: 20332017 | C165: Moniruzzaman | E165: Active | F165: Pioneer Denim Limited | G165: Finance & Accounts | H165: Assistant Manager | I165: 70000 | J165: 10000 | L165: 0.14285714 | M165: 80000 | Q165: PDL | V165: BTL/KYL
B166: 21042017 | C166: Mahbub Alam | E166: Active | F166: Pioneer Denim Limited | G166: Finance & Accounts | H166: Executive | I166: 40000 | J166: 8000 | L166: 0.2 | M166: 48000 | Q166: Amount | R166: No's | S166: increment % | T166: Salary Dec'20 | U166: % in Total
A167: a | B167: 40312017 | C167: Md. Shahidul Islam | E167: Active | F167: Pioneer Denim Limited | G167: Finance & Accounts | H167: Assistant Manager | I167: 45000 | J167: 8000 | L167: 0.17777778 | M167: 53000 | P167: Marketing | Q167: =SUMIF(G137:N208,P167,J137:J208) -> 116000 | R167: =COUNTIF(G137:G208,P167) -> 19 | S167: =AVERAGEIF(G137:M208,P167,L137:L208) -> 0.19840872 | T167: 1620000 | U167: =Q167/T167 -> 0.071604938
B168: 40512018 | C168: Mohammad Kamruzzaman Noman | E168: Active | F168: Pioneer Denim Limited | G168: Finance & Accounts | H168: Officer | I168: 30000 | J168: 6000 | L168: 0.2 | M168: 36000 | P168: Finance & Accounts | Q168: =SUMIF(G137:N208,P168,J137:J208) -> 62000 | R168: =COUNTIF(G137:G208,P168) -> 9 | S168: =AVERAGEIF(G137:M208,P168,L137:L208) -> 0.22847122 | T168: 432000 | U168: =Q168/T168 -> 0.14351852
B169: 40452018 | C169: Md. Mahmudul Hasan | E169: Active | F169: Pioneer Denim Limited | G169: Finance & Accounts | H169: Trainee Officer | I169: 22000 | J169: 5000 | L169: 0.22727273 | M169: 27000 | P169: Audit | Q169: =SUMIF(G137:N208,P169,J137:J208) -> 8000 | R169: =COUNTIF(G137:G208,P169) -> 4 | S169: =AVERAGEIF(G137:M208,P169,L137:L208) -> 0.044444444 | T169: 214000 | U169: =Q169/T169 -> 0.037383178
B170: 40462018 | C170: Tariqul Islam | E170: Active | F170: Pioneer Denim Limited | G170: Finance & Accounts | H170: Trainee Officer | I170: 15000 | J170: 7000 | L170: 0.46666667 | M170: 22000 | P170: Procurement | Q170: =SUMIF(G137:N208,P170,J137:J208) -> 43000 | R170: =COUNTIF(G137:G208,P170) -> 7 | S170: =AVERAGEIF(G137:M208,P170,L137:L208) -> 0.18954816 | T170: 225000 | U170: =Q170/T170 -> 0.19111111
B171: 40712019 | C171: Chitta Ranjan Saha | E171: Active | F171: Pioneer Denim Limited | G171: Finance & Accounts | H171: Manager | I171: 80000 | J171: 8000 | L171: 0.1 | M171: 88000 | P171: Commercial | Q171: =SUMIF(G137:N208,P171,J137:J208) -> 86000 | R171: =COUNTIF(G137:G208,P171) -> 14 | S171: =AVERAGEIF(G137:M208,P171,L137:L208) -> 0.30007728 | T171: 386000 | U171: =Q171/T171 -> 0.22279793
B172: 40822019 | C172: Md. Ashiqur Rahman | E172: Active | F172: Pioneer Denim Limited | G172: Finance & Accounts | H172: Manager | I172: 120000 | J172: 5000 | L172: 0.041666667 | M172: 125000 | P172: Import | Q172: =SUMIF(G137:N208,P172,J137:J208) -> 26000 | R172: =COUNTIF(G137:G208,P172) -> 3 | S172: =AVERAGEIF(G137:M208,P172,L137:L208) -> 0.29589372 | T172: 89000 | U172: =Q172/T172 -> 0.29213483
B173: 41032020 | C173: Md. Hemaet Ullah | E173: Active | F173: Pioneer Denim Limited | G173: Finance & Accounts | H173: Jr. Officer | I173: 10000 | J173: 5000 | L173: 0.5 | M173: 15000 | P173: Customs | Q173: =SUMIF(G137:N208,P173,J137:J208) -> 15000 | R173: =COUNTIF(G137:G208,P173) -> 2 | S173: =AVERAGEIF(G137:M208,P173,L137:L208) -> 0.16666667 | T173: 90000 | U173: =Q173/T173 -> 0.16666667
B174: 10252008 | C174: Azmul Karim | E174: Active | F174: Pioneer Denim Limited | G174: Import | H174: Assistant Manager | I174: 46000 | J174: 14000 | L174: 0.30434783 | M174: 60000 | P174: Planning & Coordination | Q174: =SUMIF(G137:N208,P174,J137:J208) -> 17000 | R174: =COUNTIF(G137:G208,P174) -> 3 | S174: =AVERAGEIF(G137:M208,P174,L137:L208) -> 0.098941005 | T174: 190000 | U174: =Q174/T174 -> 0.089473684
B175: 10702016 | C175: Abdur Rahman | E175: Active | F175: Pioneer Denim Limited | G175: Import | H175: Executive | I175: 28000 | J175: 7000 | L175: 0.25 | M175: 35000 | P175: Costing | Q175: =SUMIF(G137:N208,P175,J137:J208) -> 3000 | R175: =COUNTIF(G137:G208,P175) -> 1 | S175: =AVERAGEIF(G137:M208,P175,L137:L208) -> 0.02 | T175: 192000 | U175: =Q175/T175 -> 0.015625
B176: 41072020 | C176: Mohammad Tofajjal Hossain | E176: Active | F176: Pioneer Denim Limited | G176: Import | H176: Officer | I176: 15000 | J176: 5000 | L176: 0.33333333 | M176: 20000 | P176: Information Technology | Q176: =SUMIF(G137:N208,P176,J137:J208) -> 0 | R176: =COUNTIF(G137:G208,P176) -> 3 | S176: =AVERAGEIF(G137:M208,P176,L137:L208) -> 0 | T176: 155000 | U176: =Q176/T176 -> 0
B177: 10102012 | C177: Md. Tyoubur Rahman | E177: Active | F177: Pioneer Denim Limited | G177: Information Technology | H177: Head of IT | I177: 70000 | J177: 0 | L177: 0 | M177: 70000 | P177: Administration | Q177: =SUMIF(G137:N208,P177,J137:J208) -> 15000 | R177: =COUNTIF(G137:G208,P177) -> 7 | S177: =AVERAGEIF(G137:M208,P177,L137:L208) -> 0.16020408 | T177: 71000 | U177: =Q177/T177 -> 0.21126761
B178: 41142020 | C178: Md. Ashraful Alam | E178: Active | F178: Pioneer Denim Limited | G178: Information Technology | H178: Software Engineer | I178: 40000 | J178: 0 | L178: 0 | M178: 40000 | Q178: =SUM(Q167:Q177) -> 391000 | T178: =SUM(T167:T177) -> 3664000
B179: 41152020 | C179: Md. Hasan Uzzaman | E179: Active | F179: Pioneer Denim Limited | G179: Information Technology | H179: Software Engineer | I179: 45000 | J179: 0 | L179: 0 | M179: 45000 | Q179: =Q178/T178 -> 0.10671397
B180: 40362018 | C180: Md. Hasibul Huda | E180: Active | F180: Pioneer Denim Limited | G180: Marketing | H180: Deputy General Manager | I180: 350000 | J180: 10000 | L180: 0.028571429 | M180: 360000
B181: 40052018 | C181: Atekur Rahman Nayim | E181: Active | F181: Pioneer Denim Limited | G181: Marketing | H181: RM | I181: 68000 | J181: 32000 | L181: 0.47058824 | M181: 100000 | N181: AI: 0, SP: 32k
B182: 40372018 | C182: Gazi Fayshal Ahmed | E182: Active | F182: Pioneer Denim Limited | G182: Marketing | H182: JRM | I182: 30000 | J182: 5000 | L182: 0.16666667 | M182: 35000
B183: 40432018 | C183: Md. Zahidur Rahman | E183: Active | F183: Pioneer Denim Limited | G183: Marketing | H183: ARM | I183: 50000 | J183: 13000 | L183: 0.26 | M183: 63000
B184: 40592019 | C184: Abrar Rahman Siam | E184: Active | F184: Pioneer Denim Limited | G184: Marketing | H184: JRM | I184: 25000 | J184: 5000 | L184: 0.2 | M184: 30000
B185: 40652019 | C185: Md. Arafat Hossain | E185: Active | F185: Pioneer Denim Limited | G185: Marketing | H185: ARM | I185: 55000 | J185: 7000 | L185: 0.12727273 | M185: 62000
B186: 41052020 | C186: Muhammad Zakir Hossain | E186: Active | F186: Pioneer Denim Limited | G186: Marketing | H186: Deputy General Manager | I186: 300000 | J186: 0 | L186: 0 | M186: 300000
B187: 41102020 | C187: Md. Johan Islam | E187: Active | F187: Pioneer Denim Limited | G187: Marketing | H187: ARM | I187: 70000 | J187: 0 | L187: 0 | M187: 70000
B188: 40772019 | C188: Md. Emran Hossain Khan | E188: Active | F188: Pioneer Denim Limited | G188: Marketing | H188: JRM | I188: 15000 | J188: 7000 | L188: 0.46666667 | M188: 22000
B189: 40922020 | C189: Md. Syed Mizanul Huq | E189: Active | F189: Pioneer Denim Limited | G189: Marketing | H189: Trainee Officer | I189: 15000 | J189: 7000 | L189: 0.46666667 | M189: 22000
B190: 41172020 | C190: Asif Wares Khan | E190: Active | F190: Pioneer Denim Limited | G190: Marketing | H190: RM | I190: 125000 | J190: 0 | L190: 0 | M190: 125000
B191: 41192020 | C191: Md. Kamal Hossain | E191: Active | F191: Pioneer Denim Limited | G191: Marketing | H191: ARM | I191: 80000 | J191: 0 | L191: 0 | M191: 80000
B192: 40782019 | C192: Abu Saleh Md Musa | E192: Active | F192: Pioneer Denim Limited | G192: Marketing | H192: JRM | I192: 15000 | J192: 10000 | L192: 0.66666667 | M192: 25000
B193: 41022020 | C193: Md. Asad Ullah | E193: Active | F193: Pioneer Denim Limited | G193: Marketing | H193: JRM | I193: 40000 | J193: 5000 | L193: 0.125 | M193: 45000
... B208: 40502018 | C208: Shamsuzzaman | E208: Active | F208: Pioneer Denim Limited | G208: Procurement | H208: Executive | I208: 33000 | J208: 5000 | L208: 0.15151515 | M208: 38000
I210: =SUM(I137:I208) -> 3593000 | J210: =SUM(J137:J208) -> 391000 | L210: =AVERAGE(L137:L208) -> 0.1970968 | M210: =SUM(M137:M208) -> 3984000
I211: =COUNTA(C137:C208) -> 72 | J211: =J210/COUNTA(C137:C208) -> 5430.5556
...

Sheet TS_PDL
B3: SL | C3: Department Name | D3: 2020 | I3: 2019-2018
D4: Increment Amount | E4: No's of Employee Appraised | F4: Average Increment Per Person | G4: Increasing % | H4: increasing % in Total | I4: Increment Amount | J4: No's of Employee Appraised | K4: Average Increment Per Person | L4: Increasing % | M4: increasing % in Total | S4: Department | T4: 2019 | U4: 2020
B5: 1 | C5: Marketing | D5: ='2020_PDL'!Q32 -> 116000 | E5: ='2020_PDL'!R32 -> 19 | F5: =D5/E5 -> 6105.2632 | G5: ='2020_PDL'!S32 -> 0.19840872 | H5: ='2020_PDL'!U32 -> 0.071604938 | I5: ='2019_PDL'!Q122 -> 40000 | J5: ='2019_PDL'!R122 -> 7 | K5: =I5/J5 -> 5714.2857 | L5: ='2019_PDL'!S122 -> 0.20122655 | M5: ='2019_PDL'!U122 -> 0.026092629 | S5: Marketing | T5: 40000 | U5: 116000
B6: 2 | C6: Finance & Accounts | D6: ='2020_PDL'!Q33 -> 62000 | E6: ='2020_PDL'!R33 -> 9 | F6: =D6/E6 -> 6888.8889 | G6: ='2020_PDL'!S33 -> 0.22847122 | H6: ='2020_PDL'!U33 -> 0.14351852 | I6: ='2019_PDL'!Q123 -> 41000 | J6: ='2019_PDL'!R123 -> 6 | K6: =I6/J6 -> 6833.3333 | L6: ='2019_PDL'!S123 -> 0.26227106 | M6: ='2019_PDL'!U123 -> 0.094907407 | S6: Finance & Accounts | T6: 41000 | U6: 62000
B7: 3 | C7: Audit | D7: ='2020_PDL'!Q34 -> 8000 | E7: ='2020_PDL'!R34 -> 4 | F7: =D7/E7 -> 2000 | G7: ='2020_PDL'!S34 -> 0.044444444 | H7: ='2020_PDL'!U34 -> 0.037383178 | I7: ='2019_PDL'!Q124 -> 8000 | J7: ='2019_PDL'!R124 -> 2 | K7: =I7/J7 -> 4000 | L7: ='2019_PDL'!S124 -> 0.10535714 | M7: ='2019_PDL'!U124 -> 0.028776978 | S7: Audit | T7: 8000 | U7: 8000
B8: 4 | C8: Procurement | D8: ='2020_PDL'!Q35 -> 43000 | E8: ='2020_PDL'!R35 -> 7 | F8: =D8/E8 -> 6142.8571 | G8: ='2020_PDL'!S35 -> 0.18954816 | H8: ='2020_PDL'!U35 -> 0.19111111 | I8: ='2019_PDL'!Q125 -> 29000 | J8: ='2019_PDL'!R125 -> 6 | K8: =I8/J8 -> 4833.3333 | L8: ='2019_PDL'!S125 -> 0.17766695 | M8: ='2019_PDL'!U125 -> 0.14146341 | S8: Procurement | T8: 29000 | U8: 43000
B9: 5 | C9: Commercial | D9: ='2020_PDL'!Q36 -> 86000 | E9: ='2020_PDL'!R36 -> 14 | F9: =D9/E9 -> 6142.8571 | G9: ='2020_PDL'!S36 -> 0.30007728 | H9: ='2020_PDL'!U36 -> 0.22279793 | I9: ='2019_PDL'!Q126 -> 40000 | J9: ='2019_PDL'!R126 -> 10 | K9: =I9/J9 -> 4000 | L9: ='2019_PDL'!S126 -> 0.21089032 | M9: ='2019_PDL'!U126 -> 0.13513514 | S9: Commercial | T9: 40000 | U9: 86000
B10: 6 | C10: Import | D10: ='2020_PDL'!Q37 -> 26000 | E10: ='2020_PDL'!R37 -> 3 | F10: =D10/E10 -> 8666.6667 | G10: ='2020_PDL'!S37 -> 0.29589372 | H10: ='2020_PDL'!U37 -> 0.29213483 | I10: ='2019_PDL'!Q127 -> 14000 | J10: ='2019_PDL'!R127 -> 3 | K10: =I10/J10 -> 4666.6667 | L10: ='2019_PDL'!S127 -> 0.17222222 | M10: ='2019_PDL'!U127 -> 0.14285714 | S10: Import | T10: 14000 | U10: 26000
B11: 7 | C11: Customs | D11: ='2020_PDL'!Q38 -> 15000 | E11: ='2020_PDL'!R38 -> 2 | F11: =D11/E11 -> 7500 | G11: ='2020_PDL'!S38 -> 0.16666667 | H11: ='2020_PDL'!U38 -> 0.16666667 | I11: ='2019_PDL'!Q128 -> 0 | J11: ='2019_PDL'!R128 -> 0 | K11: 0 | L11: ='2019_PDL'!S128 -> 0 | M11: ='2019_PDL'!U128 -> 0 | S11: Customs | T11: 0 | U11: 15000
B12: 8 | C12: Planning & Coordination | D12: ='2020_PDL'!Q39 -> 17000 | E12: ='2020_PDL'!R39 -> 3 | F12: =D12/E12 -> 5666.6667 | G12: ='2020_PDL'!S39 -> 0.098941005 | H12: ='2020_PDL'!U39 -> 0.089473684 | I12: ='2019_PDL'!Q129 -> 0 | J12: ='2019_PDL'!R129 -> 0 | K12: 0 | L12: ='2019_PDL'!S129 -> 0 | M12: ='2019_PDL'!U129 -> 0 | S12: Planning & Coordination | T12: 0 | U12: 17000
B13: 9 | C13: Costing | D13: ='2020_PDL'!Q40 -> 3000 | E13: ='2020_PDL'!R40 -> 1 | F13: =D13/E13 -> 3000 | G13: ='2020_PDL'!S40 -> 0.02 | H13: ='2020_PDL'!U40 -> 0.015625 | I13: ='2019_PDL'!Q130 -> 0 | J13: ='2019_PDL'!R130 -> 1 | K13: =I13/J13 -> 0 | L13: ='2019_PDL'!S130 -> 0 | M13: ='2019_PDL'!U130 -> 0 | S13: Costing | T13: 0 | U13: 3000
B14: 10 | C14: Information Technology | D14: ='2020_PDL'!Q41 -> 0 | E14: ='2020_PDL'!R41 -> 3 | F14: =D14/E14 -> 0 | G14: ='2020_PDL'!S41 -> 0 | H14: ='2020_PDL'!U41 -> 0 | I14: ='2019_PDL'!Q131 -> 0 | J14: ='2019_PDL'!R131 -> 0 | K14: 0 | L14: ='2019_PDL'!S131 -> 0 | M14: ='2019_PDL'!U131 -> 0 | S14: Information Technology | T14: 0 | U14: 0
B15: 11 | C15: Administration | D15: ='2020_PDL'!Q42 -> 15000 | E15: ='2020_PDL'!R42 -> 7 | F15: =D15/E15 -> 2142.8571 | G15: ='2020_PDL'!S42 -> 0.16020408 | H15: ='2020_PDL'!U42 -> 0.21126761 | I15: ='2019_PDL'!Q132 -> 18000 | J15: ='2019_PDL'!R132 -> 6 | K15: =I15/J15 -> 3000 | L15: ='2019_PDL'!S132 -> 0.24522398 | M15: ='2019_PDL'!U132 -> 0.18556701 | S15: Administration | T15: 18000 | U15: 15000
D16: =SUM(D5:D15) -> 391000 | E16: =SUM(E5:E15) -> 72 | F16: =D16/E16 -> 5430.5556 | G16: =AVERAGE(G5:G15) -> 0.15478685 | H16: ='2020'!Q179 -> 0.10671397 | I16: =SUM(I5:I15) -> 190000 | J16: =SUM(J5:J15) -> 41 | K16: =I16/J16 -> 4634.1463 | L16: =AVERAGE(L5:L15) -> 0.12498711 | M16: ='2019_PDL'!Q136 -> 0.057944495

Sheet 2020_PDL
A1: SL | B1: ID | C1: Name | D1: DOJ | E1: Employment | F1: Business_Unit_20 | G1: Department_20 | H1: Position_20 | I1: Previous Salary | J1: Increment_20 | K1: Promotion_20 | L1: Perc_20 | M1: Salary_20 | N1: Remarks_20
A2: 1 | B2: 10582015 | C2: Jashim Uddin | E2: Active | F2: Pioneer Denim Limited | G2: Administration | H2: Messenger | I2: 14000 | J2: 2000 | L2: 0.14285714 | M2: 16000
A3: 2 | B3: 20792016 | C3: Md. Saiful Islam | E3: Active | F3: Pioneer Denim Limited | G3: Administration | H3: Messenger | I3: 14000 | J3: 2000 | L3: 0.14285714 | M3: 16000
A4: 3 | B4: 21122017 | C4: Robin | E4: Active | F4: Pioneer Denim Limited | G4: Administration | H4: Messenger | I4: 14000 | J4: 2000 | L4: 0.14285714 | M4: 16000
A5: 4 | B5: 21392018 | C5: Md. Mehedi Hasan | E5: Active | F5: Pioneer Denim Limited | G5: Administration | H5: Messenger | I5: 14000 | J5: 2000 | L5: 0.14285714 | M5: 16000
A6: 5 | B6: 40332018 | C6: Jalal Gazi | E6: Active | F6: Pioneer Denim Limited | G6: Administration | H6: Cleaner | I6: 15000 | J6: 2000 | L6: 0.13333333 | M6: 17000
A7: 6 | B7: 40962020 | C7: Md. Habib Prodhan | E7: Active | F7: Pioneer Denim Limited | G7: Administration | H7: Messenger | I7: 12000 | J7: 0 | L7: 0 | M7: 12000
A8: 7 | B8: 40972020 | C8: Bayazid Hossen Gulzar | E8: Active | F8: Pioneer Denim Limited | G8: Administration | H8: Messenger | I8: 12000 | J8: 5000 | L8: 0.41666667 | M8: 17000
A9: 8 | B9: 20812016 | C9: Md. Yeakub Ali | E9: Active | F9: Pioneer Denim Limited | G9: Audit | H9: Officer | I9: 45000 | J9: 8000 | L9: 0.17777778 | M9: 53000
A10: 9 | B10: 41122020 | C10: Mahbubur Rahman Chowdhury | E10: Active | F10: Pioneer Denim Limited | G10: Audit | H10: Executive | I10: 28000 | J10: 0 | L10: 0 | M10: 28000
A11: 10 | B11: 41132020 | C11: Md. Ariful Islam | E11: Active | F11: Pioneer Denim Limited | G11: Audit | H11: Executive | I11: 28000 | J11: 0 | L11: 0 | M11: 28000
A12: 11 | B12: 41162020 | C12: Omar Khaium | E12: Active | F12: Pioneer Denim Limited | G12: Audit | H12: Manager | I12: 63000 | J12: 0 | L12: 0 | M12: 63000
A13: 12 | B13: 10092005 | C13: Md. Saifur Rahaman | E13: Active | F13: Pioneer Denim Limited | G13: Commercial | H13: Sr. Executive | I13: 52000 | J13: 8000 | L13: 0.15384615 | M13: 60000
... A29: 28 | B29: 30702018 | C29: Md. Humayun Kobir | E29: Active | F29: Pioneer Denim Limited | G29: Customs | H29: Executive | I29: 30000 | J29: 5000 | L29: 0.16666667 | M29: 35000
A30: 29 | B30: 20332017 | C30: Moniruzzaman | E30: Active | F30: Pioneer Denim Limited | G30: Finance & Accounts | H30: Assistant Manager | I30: 70000 | J30: 10000 | L30: 0.14285714 | M30: 80000 | Q30: PDL | V30: BTL/KYL
A31: 30 | B31: 21042017 | C31: Mahbub Alam | E31: Active | F31: Pioneer Denim Limited | G31: Finance & Accounts | H31: Executive | I31: 40000 | J31: 8000 | L31: 0.2 | M31: 48000 | Q31: Amount | R31: No's | S31: increment % | T31: Salary Dec'20 | U31: % in Total
A32: 31 | B32: 40312017 | C32: Md. Shahidul Islam | E32: Active | F32: Pioneer Denim Limited | G32: Finance & Accounts | H32: Assistant Manager | I32: 45000 | J32: 8000 | L32: 0.17777778 | M32: 53000 | P32: Marketing | Q32: =SUMIF(G2:N73,P32,J2:J73) -> 116000 | R32: =COUNTIF(G2:G73,P32) -> 19 | S32: =AVERAGEIF(G2:M73,P32,L2:L73) -> 0.19840872 | T32: 1620000 | U32: =Q32/T32 -> 0.071604938
A33: 32 | B33: 40512018 | C33: Mohammad Kamruzzaman Noman | E33: Active | F33: Pioneer Denim Limited | G33: Finance & Accounts | H33: Officer | I33: 30000 | J33: 6000 | L33: 0.2 | M33: 36000 | P33: Finance & Accounts | Q33: =SUMIF(G2:N73,P33,J2:J73) -> 62000 | R33: =COUNTIF(G2:G73,P33) -> 9 | S33: =AVERAGEIF(G2:M73,P33,L2:L73) -> 0.22847122 | T33: 432000 | U33: =Q33/T33 -> 0.14351852
A34: 33 | B34: 40452018 | C34: Md. Mahmudul Hasan | E34: Active | F34: Pioneer Denim Limited | G34: Finance & Accounts | H34: Trainee Officer | I34: 22000 | J34: 5000 | L34: 0.22727273 | M34: 27000 | P34: Audit | Q34: =SUMIF(G2:N73,P34,J2:J73) -> 8000 | R34: =COUNTIF(G2:G73,P34) -> 4 | S34: =AVERAGEIF(G2:M73,P34,L2:L73) -> 0.044444444 | T34: 214000 | U34: =Q34/T34 -> 0.037383178
A35: 34 | B35: 40462018 | C35: Tariqul Islam | E35: Active | F35: Pioneer Denim Limited | G35: Finance & Accounts | H35: Trainee Officer | I35: 15000 | J35: 7000 | L35: 0.46666667 | M35: 22000 | P35: Procurement | Q35: =SUMIF(G2:N73,P35,J2:J73) -> 43000 | R35: =COUNTIF(G2:G73,P35) -> 7 | S35: =AVERAGEIF(G2:M73,P35,L2:L73) -> 0.18954816 | T35: 225000 | U35: =Q35/T35 -> 0.19111111
A36: 35 | B36: 40712019 | C36: Chitta Ranjan Saha | E36: Active | F36: Pioneer Denim Limited | G36: Finance & Accounts | H36: Manager | I36: 80000 | J36: 8000 | L36: 0.1 | M36: 88000 | P36: Commercial | Q36: =SUMIF(G2:N73,P36,J2:J73) -> 86000 | R36: =COUNTIF(G2:G73,P36) -> 14 | S36: =AVERAGEIF(G2:M73,P36,L2:L73) -> 0.30007728 | T36: 386000 | U36: =Q36/T36 -> 0.22279793
A37: 36 | B37: 40822019 | C37: Md. Ashiqur Rahman | E37: Active | F37: Pioneer Denim Limited | G37: Finance & Accounts | H37: Manager | I37: 120000 | J37: 5000 | L37: 0.041666667 | M37: 125000 | P37: Import | Q37: =SUMIF(G2:N73,P37,J2:J73) -> 26000 | R37: =COUNTIF(G2:G73,P37) -> 3 | S37: =AVERAGEIF(G2:M73,P37,L2:L73) -> 0.29589372 | T37: 89000 | U37: =Q37/T37 -> 0.29213483
A38: 37 | B38: 41032020 | C38: Md. Hemaet Ullah | E38: Active | F38: Pioneer Denim Limited | G38: Finance & Accounts | H38: Jr. Officer | I38: 10000 | J38: 5000 | L38: 0.5 | M38: 15000 | P38: Customs | Q38: =SUMIF(G2:N73,P38,J2:J73) -> 15000 | R38: =COUNTIF(G2:G73,P38) -> 2 | S38: =AVERAGEIF(G2:M73,P38,L2:L73) -> 0.16666667 | T38: 90000 | U38: =Q38/T38 -> 0.16666667
A39: 38 | B39: 10252008 | C39: Azmul Karim | E39: Active | F39: Pioneer Denim Limited | G39: Import | H39: Assistant Manager | I39: 46000 | J39: 14000 | L39: 0.30434783 | M39: 60000 | P39: Planning & Coordination | Q39: =SUMIF(G2:N73,P39,J2:J73) -> 17000 | R39: =COUNTIF(G2:G73,P39) -> 3 | S39: =AVERAGEIF(G2:M73,P39,L2:L73) -> 0.098941005 | T39: 190000 | U39: =Q39/T39 -> 0.089473684
A40: 39 | B40: 10702016 | C40: Abdur Rahman | E40: Active | F40: Pioneer Denim Limited | G40: Import | H40: Executive | I40: 28000 | J40: 7000 | L40: 0.25 | M40: 35000 | P40: Costing | Q40: =SUMIF(G2:N73,P40,J2:J73) -> 3000 | R40: =COUNTIF(G2:G73,P40) -> 1 | S40: =AVERAGEIF(G2:M73,P40,L2:L73) -> 0.02 | T40: 192000 | U40: =Q40/T40 -> 0.015625
A41: 40 | B41: 41072020 | C41: Mohammad Tofajjal Hossain | E41: Active | F41: Pioneer Denim Limited | G41: Import | H41: Officer | I41: 15000 | J41: 5000 | L41: 0.33333333 | M41: 20000 | P41: Information Technology | Q41: =SUMIF(G2:N73,P41,J2:J73) -> 0 | R41: =COUNTIF(G2:G73,P41) -> 3 | S41: =AVERAGEIF(G2:M73,P41,L2:L73) -> 0 | T41: 155000 | U41: =Q41/T41 -> 0
A42: 41 | B42: 10102012 | C42: Md. Tyoubur Rahman | E42: Active | F42: Pioneer Denim Limited | G42: Information Technology | H42: Head of IT | I42: 70000 | J42: 0 | L42: 0 | M42: 70000 | P42: Administration | Q42: =SUMIF(G2:N73,P42,J2:J73) -> 15000 | R42: =COUNTIF(G2:G73,P42) -> 7 | S42: =AVERAGEIF(G2:M73,P42,L2:L73) -> 0.16020408 | T42: 71000 | U42: =Q42/T42 -> 0.21126761
A43: 42 | B43: 41142020 | C43: Md. Ashraful Alam | E43: Active | F43: Pioneer Denim Limited | G43: Information Technology | H43: Software Engineer | I43: 40000 | J43: 0 | L43: 0 | M43: 40000 | Q43: =SUM(Q32:Q42) -> 391000 | R43: =SUM(R32:R42) -> 72 | S43: =AVERAGE(S32:S42) -> 0.15478685 | T43: =SUM(T32:T42) -> 3664000
A44: 43 | B44: 41152020 | C44: Md. Hasan Uzzaman | E44: Active | F44: Pioneer Denim Limited | G44: Information Technology | H44: Software Engineer | I44: 45000 | J44: 0 | L44: 0 | M44: 45000 | Q44: =Q43/T43 -> 0.10671397
A45: 44 | B45: 40362018 | C45: Md. Hasibul Huda | E45: Active | F45: Pioneer Denim Limited | G45: Marketing | H45: Deputy General Manager | I45: 350000 | J45: 10000 | L45: 0.028571429 | M45: 360000
A46: 45 | B46: 40052018 | C46: Atekur Rahman Nayim | E46: Active | F46: Pioneer Denim Limited | G46: Marketing | H46: RM | I46: 68000 | J46: 32000 | L46: 0.47058824 | M46: 100000 | N46: AI: 0, SP: 32k
A47: 46 | B47: 40372018 | C47: Gazi Fayshal Ahmed | E47: Active | F47: Pioneer Denim Limited | G47: Marketing | H47: JRM | I47: 30000 | J47: 5000 | L47: 0.16666667 | M47: 35000
A48: 47 | B48: 40432018 | C48: Md. Zahidur Rahman | E48: Active | F48: Pioneer Denim Limited | G48: Marketing | H48: ARM | I48: 50000 | J48: 13000 | L48: 0.26 | M48: 63000
A49: 48 | B49: 40592019 | C49: Abrar Rahman Siam | E49: Active | F49: Pioneer Denim Limited | G49: Marketing | H49: JRM | I49: 25000 | J49: 5000 | L49: 0.2 | M49: 30000
A50: 49 | B50: 40652019 | C50: Md. Arafat Hossain | E50: Active | F50: Pioneer Denim Limited | G50: Marketing | H50: ARM | I50: 55000 | J50: 7000 | L50: 0.12727273 | M50: 62000
A51: 50 | B51: 41052020 | C51: Muhammad Zakir Hossain | E51: Active | F51: Pioneer Denim Limited | G51: Marketing | H51: Deputy General Manager | I51: 300000 | J51: 0 | L51: 0 | M51: 300000
A52: 51 | B52: 41102020 | C52: Md. Johan Islam | E52: Active | F52: Pioneer Denim Limited | G52: Marketing | H52: ARM | I52: 70000 | J52: 0 | L52: 0 | M52: 70000
A53: 52 | B53: 40772019 | C53: Md. Emran Hossain Khan | E53: Active | F53: Pioneer Denim Limited | G53: Marketing | H53: JRM | I53: 15000 | J53: 7000 | L53: 0.46666667 | M53: 22000
A54: 53 | B54: 40922020 | C54: Md. Syed Mizanul Huq | E54: Active | F54: Pioneer Denim Limited | G54: Marketing | H54: Trainee Officer | I54: 15000 | J54: 7000 | L54: 0.46666667 | M54: 22000
A55: 54 | B55: 41172020 | C55: Asif Wares Khan | E55: Active | F55: Pioneer Denim Limited | G55: Marketing | H55: RM | I55: 125000 | J55: 0 | L55: 0 | M55: 125000
A56: 55 | B56: 41192020 | C56: Md. Kamal Hossain | E56: Active | F56: Pioneer Denim Limited | G56: Marketing | H56: ARM | I56: 80000 | J56: 0 | L56: 0 | M56: 80000
A57: 56 | B57: 40782019 | C57: Abu Saleh Md Musa | E57: Active | F57: Pioneer Denim Limited | G57: Marketing | H57: JRM | I57: 15000 | J57: 10000 | L57: 0.66666667 | M57: 25000
A58: 57 | B58: 41022020 | C58: Md. Asad Ullah | E58: Active | F58: Pioneer Denim Limited | G58: Marketing | H58: JRM | I58: 40000 | J58: 5000 | L58: 0.125 | M58: 45000
... A73: 72 | B73: 40502018 | C73: Shamsuzzaman | E73: Active | F73: Pioneer Denim Limited | G73: Procurement | H73: Executive | I73: 33000 | J73: 5000 | L73: 0.15151515 | M73: 38000
I75: =SUM(I2:I73) -> 3593000 | J75: =SUM(J2:J73) -> 391000 | L75: =AVERAGE(L2:L73) -> 0.1970968 | M75: =SUM(M2:M73) -> 3984000
I76: =COUNTA(C2:C73) -> 72 | J76: =J75/COUNTA(C2:C73) -> 5430.5556
I79: 3664000 | J79: 391000
J80: =J79/I79 -> 0.10671397

Sheet 2019_PDL
A1: SL | B1: ID | C1: Name | D1: DOJ | E1: Emp_Status | F1: Business_Unit_18 | G1: Department_18 | H1: Position_18 | I1: Previous Salary_18 | J1: Increment_18 | K1: Promotion_18 | L1: Perc_18 | M1: Salary_18 | N1: Remarks_18
B2: 10062011 | C2: Md. Kamruzzaman | E2: Active | F2: BTL/KYL | G2: Marketing & Sales | H2: Head of Marketing & Sales | I2: 102000 | J2: 48000 | L2: 0.47058824 | M2: 150000 | N2: AE: 25k, SP: 23k
B3: 20042012 | C3: Mohammed Nurul Akter Chowdhury | E3: Active | F3: BTL/KYL | G3: Marketing & Sales | H3: Head of Marketing (Rotor) | I3: 100000 | J3: 20000 | L3: 0.2 | M3: 120000
B4: 10042008 | C4: Liton Apu Biswas | E4: Active | F4: BTL/KYL | G4: Marketing & Sales | H4: Head of Marketing (North Zone) | I4: 100000 | J4: 20000 | L4: 0.2 | M4: 120000
B5: 10052012 | C5: Md. Abdul Maleque | E5: Active | F5: BTL/KYL | G5: Marketing & Sales | H5: Head of Marketing (Middle Zone) | I5: 90000 | J5: 20000 | L5: 0.22222222 | M5: 110000
B6: 20532015 | C6: Md. Mahmudul Alam Chapol | E6: Active | F6: BTL/KYL | G6: Marketing & Sales | H6: Assistant Manager | I6: 60000 | J6: 10000 | L6: 0.16666667 | M6: 70000
B7: 21072016 | C7: Md. Alamgir Mia | E7: Active | F7: BTL/KYL | G7: Marketing & Sales | H7: Assistant Manager | I7: 54000 | J7: 4000 | L7: 0.074074074 | M7: 58000
B8: 10132009 | C8: Ahsan Shiblee | E8: Active | F8: BTL/KYL | G8: Marketing & Sales | H8: Assistant Manager | I8: 45000 | J8: 5000 | L8: 0.11111111 | M8: 50000
B9: 10582007 | C9: Md. Mahabubur Rahman | E9: Active | F9: BTL/KYL | G9: Marketing & Sales | H9: ? | I9: 35000 | J9: 0 | L9: 0 | M9: 35000
B10: 10782016 | C10: Mohammad Kawsar Molla | E10: Active | F10: BTL/KYL | G10: Finance & Accounts | H10: Head of Finance & Accounts | I10: 180000 | J10: 5000 | L10: 0.027777778 | M10: 185000
B11: 21152017 | C11: Mir Muhshiuzzaman | E11: Active | F11: BTL/KYL | G11: Finance & Accounts | H11: Manager | I11: 105000 | J11: 5000 | L11: 0.047619048 | M11: 110000
B12: 20332017 | C12: Moniruzzaman | E12: Active | F12: BTL/KYL | G12: Finance & Accounts | H12: Assistant Manager | I12: 67000 | J12: 3000 | L12: 0.044776119 | M12: 70000
B13: 20342009 | C13: Mohammad Shawkot Alam | E13: Active | F13: BTL/KYL | G13: Finance & Accounts | H13: Senior Executive | I13: 47000 | J13: 3000 | L13: 0.063829787 | M13: 50000
B14: 10752016 | C14: Md. Sharforaz Hossain | E14: Active | F14: BTL/KYL | G14: Finance & Accounts | H14: Executive | I14: 35000 | J14: 5000 | L14: 0.14285714 | M14: 40000
... B43: 20072000 | C43: Rakibul Hasan Chowdhury | E43: Active | F43: BTL/KYL | G43: Commercial | H43: Incharge | I43: 55000 | J43: 4000 | L43: 0.072727273 | M43: 59000
B44: 20122009 | C44: Syed Mahmood Hassan | E44: Active | F44: BTL/KYL | G44: Commercial | H44: Jr. Officer | I44: 35000 | J44: 6000 | L44: 0.17142857 | M44: 41000 | N44: AI: 3k, SP: 3k
B45: 21142017 | C45: Sohebul Islam | E45: Active | F45: BTL/KYL | G45: Commercial | H45: Jr. Officer | I45: 22000 | J45: 5000 | L45: 0.22727273 | M45: 27000
B46: 10542014 | C46: Md. Foysal Hassan | E46: Active | F46: BTL/KYL | G46: Commercial | H46: Executive | I46: 25000 | J46: 4000 | L46: 0.16 | M46: 29000
B47: 10192011 | C47: Md. Kamal Ahmed | E47: Active | F47: BTL/KYL | G47: Commercial | H47: Jr. Officer | I47: 27000 | J47: 5000 | L47: 0.18518519 | M47: 32000
B48: 20062000 | C48: Asraful Islam | E48: Active | F48: BTL/KYL | G48: Commercial | H48: Incharge | I48: 63000 | J48: 5000 | L48: 0.079365079 | M48: 68000
B49: 10112004 | C49: Mohmmad Omar Faruque | E49: Active | F49: BTL/KYL | G49: Commercial | H49: Executive | I49: 35000 | J49: 5000 | L49: 0.14285714 | M49: 40000
B50: 20172012 | C50: Md. Al-Amin Khan | E50: Active | F50: BTL/KYL | G50: Legal & Estate | H50: Executive | I50: 26000 | J50: 4000 | L50: 0.15384615 | M50: 30000
B51: 21312018 | C51: Muhammad Milon Hossain Molla | E51: Active | F51: BTL/KYL | G51: Commercial | H51: ? | I51: 14000 | J51: 6000 | L51: 0.42857143 | M51: 20000
B52: 10202011 | C52: Muhammad Momin Hossen | E52: Active | F52: BTL/KYL | G52: Commercial | H52: Executive | I52: 22000 | J52: 3000 | L52: 0.13636364 | M52: 25000
B53: 10212011 | C53: Md. Shakamal | E53: Active | F53: BTL/KYL | G53: Commercial | H53: ? | I53: 22000 | J53: 5000 | L53: 0.22727273 | M53: 27000
B54: 10222012 | C54: Ashiqur Rahman Robin | E54: Active | F54: BTL/KYL | G54: Commerical | H54: ? | I54: 22000 | J54: 8000 | L54: 0.36363636 | M54: 30000
B55: 10522014 | C55: Arshadul Haque Molla | E55: Active | F55: BTL/KYL | G55: Commercial | H55: ? | I55: 20000 | J55: 3000 | L55: 0.15 | M55: 23000
B56: 20892017 | C56: Mahamudun Nabi Ove | E56: Active | F56: BTL/KYL | G56: Commercial | H56: Jr. Executive | I56: 15000 | J56: 5000 | L56: 0.33333333 | M56: 20000
... B97: 21422018 | C97: Md. Karimul | E97: Active | F97: BTL/KYL | G97: Administration | H97: Lift Man | I97: 14000 | J97: 2000 | L97: 0.14285714 | M97: 16000
B98: 21392018 | C98: Md. Mehedi Hasan | E98: Active | F98: BTL/KYL | G98: Administration | H98: Peon | I98: 10000 | J98: 4000 | L98: 0.4 | M98: 14000 | N98: As per Grading
B99: 21382018 | C99: Md. Jamal Hossain | E99: Active | F99: BTL/KYL | G99: Administration | H99: Peon | I99: 10000 | J99: 2000 | L99: 0.2 | M99: 12000
B100: 21512019 | C100: Nasima | E100: Active | F100: BTL/KYL | G100: Administration | H100: Asst. Cook | I100: 9000 | J100: 1000 | L100: 0.11111111 | M100: 10000
B101: 21412018 | C101: Md. Masud Rana | E101: Active | F101: BTL/KYL | G101: Administration | H101: Asst. Cook | I101: 10000 | J101: 3000 | L101: 0.3 | M101: 13000
B102: 21252018 | C102: Md. Shazib Madbar | E102: Active | F102: BTL/KYL | G102: Transport | H102: Driver | I102: 18000 | J102: 1000 | L102: 0.055555556 | M102: 19000 | N102: Grade A
B103: 20522011 | C103: Md. Lokman Hossain | E103: Active | F103: BTL/KYL | G103: Transport | H103: Driver | I103: 17000 | J103: 2000 | L103: 0.11764706 | M103: 19000 | N103: Grade A
B104: 21242018 | C104: Md. Rubel | E104: Active | F104: BTL/KYL | G104: Transport | H104: Driver | I104: 17000 | J104: 2000 | L104: 0.11764706 | M104: 19000 | N104: Grade A
B105: 10612015 | C105: Md. Abu Hanif | E105: Active | F105: BTL/KYL | G105: Transport | H105: Driver | I105: 17000 | J105: 2000 | L105: 0.11764706 | M105: 19000 | N105: Grade A
B106: 11152018 | C106: Md. Asaduzzaman Fakir | E106: Active | F106: BTL/KYL | G106: Transport | H106: Driver | I106: 17000 | J106: 1000 | L106: 0.058823529 | M106: 18000 | N106: Grade B
B107: 11282018 | C107: Md. Shahjada Bhuiyan | E107: Active | F107: BTL/KYL | G107: Audit | H107: Assistant Manager | I107: 42000 | J107: 0 | L107: 0 | M107: 42000
B108: 21452019 | C108: Md. Masum Billah | E108: Active | F108: BTL/KYL | G108: Audit | H108: Audit Assistant | I108: 14000 | J108: 2000 | L108: 0.14285714 | M108: 16000
B109: 21472019 | C109: Taslim Ahmed | E109: Active | F109: BTL/KYL | G109: Procurement | H109: Officer | I109: 35000 | J109: 0 | L109: 0 | M109: 35000
B110: 11302019 | C110: Md. Akkas Mian (Sehan) | E110: Active | F110: BTL/KYL | G110: Marketing & Sales | H110: Executive | I110: 35000 | J110: 4000 | L110: 0.11428571 | M110: 39000
B111: 21462019 | C111: Md. Rashel | E111: Active | F111: BTL/KYL | G111: Import | H111: Sr. Executive | I111: 40000 | J111: 2000 | L111: 0.05 | M111: 42000
B112: 21442018 | C112: Dinaj Mia | E112: Active | F112: BTL/KYL | G112: Administration | H112: Peon | I112: 10000 | J112: 0 | L112: 0 | M112: 10000
B113: 21642019 | C113: Sabuj (Md. Saiful) | E113: Active | F113: BTL/KYL | G113: Transport | H113: Driver | I113: 18000 | J113: 1000 | L113: 0.055555556 | M113: 19000 | N113: A
B114: 21562019 | C114: Md. Imran Hossain | E114: Active | F114: BTL/KYL | G114: Transport | H114: Driver | I114: 18000 | J114: 1000 | L114: 0.055555556 | M114: 19000 | N114: A
B115: 21622019 | C115: Abdul Rahim | E115: Active | F115: BTL/KYL | G115: Transport | H115: Driver | I115: 18000 | J115: 1000 | L115: 0.055555556 | M115: 19000 | N115: A
B116: 21632019 | C116: Md. Zillur Rahman | E116: Active | F116: BTL/KYL | G116: Transport | H116: Driver | I116: 18000 | J116: 1000 | L116: 0.055555556 | M116: 19000 | N116: A
B117: 21682019 | C117: Md Shafiqul Islam | E117: Active | F117: BTL/KYL | G117: Transport | H117: Driver | I117: 18000 | J117: 1000 | L117: 0.055555556 | M117: 19000 | N117: A
B118: 21532019 | C118: Zafor Ahammad | E118: Active | F118: BTL/KYL | G118: Transport | H118: Driver | I118: 17000 | J118: 1000 | L118: 0.058823529 | M118: 18000 | N118: B
B119: 21732020 | C119: Md. Mainuddin | E119: Active | F119: BTL/KYL | G119: Transport | H119: Driver | I119: 17000 | J119: 0 | M119: 17000 | N119: C
B121: 10582015 | C121: Jashim Uddin | E121: Active | F121: Pioneer Denim Limited | G121: Administration | H121: Messenger | I121: 11000 | J121: 3000 | L121: 0.27272727 | M121: 14000 | Q121: Amount | R121: No's | S121: increment % | T121: Salary Dec'20 | U121: % in Total
B122: 20792016 | C122: Md. Saiful Islam | E122: Active | F122: Pioneer Denim Limited | G122: Administration | H122: Messenger | I122: 11000 | J122: 3000 | L122: 0.27272727 | M122: 14000 | P122: Marketing | Q122: =SUMIF(G121:N161,P122,J121:J161) -> 40000 | R122: =COUNTIF(G121:G161,P122) -> 7 | S122: =AVERAGEIF(G121:M161,P122,L121:L161) -> 0.20122655 | T122: 1533000 | U122: =Q122/T122 -> 0.026092629
B123: 21122017 | C123: Robin | E123: Active | F123: Pioneer Denim Limited | G123: Administration | H123: Messenger | I123: 11000 | J123: 3000 | L123: 0.27272727 | M123: 14000 | P123: Finance & Accounts | Q123: =SUMIF(G121:N161,P123,J121:J161) -> 41000 | R123: =COUNTIF(G121:G161,P123) -> 6 | S123: =AVERAGEIF(G121:M161,P123,L121:L161) -> 0.26227106 | T123: 432000 | U123: =Q123/T123 -> 0.094907407
B124: 30532016 | C124: Md. Shamsur Rahman Shams | E124: Active | F124: Pioneer Denim Limited | G124: Administration | H124: Jr. Officer | I124: 23000 | J124: 3000 | L124: 0.13043478 | M124: 26000 | P124: Audit | Q124: =SUMIF(G121:N161,P124,J121:J161) -> 8000 | R124: =COUNTIF(G121:G161,P124) -> 2 | S124: =AVERAGEIF(G121:M161,P124,L121:L161) -> 0.10535714 | T124: 278000 | U124: =Q124/T124 -> 0.028776978
B125: 40472018 | C125: Md. Mojammel Hoque | E125: Active | F125: Pioneer Denim Limited | G125: Administration | H125: Messenger | I125: 11000 | J125: 3000 | L125: 0.27272727 | M125: 14000 | P125: Procurement | Q125: =SUMIF(G121:N161,P125,J121:J161) -> 29000 | R125: =COUNTIF(G121:G161,P125) -> 6 | S125: =AVERAGEIF(G121:M161,P125,L121:L161) -> 0.17766695 | T125: 205000 | U125: =Q125/T125 -> 0.14146341
B126: 40332018 | C126: Jalal Gazi | E126: Active | F126: Pioneer Denim Limited | G126: Administration | H126: Cleaner | I126: 12000 | J126: 3000 | L126: 0.25 | M126: 15000 | P126: Commercial | Q126: =SUMIF(G121:N161,P126,J121:J161) -> 40000 | R126: =COUNTIF(G121:G161,P126) -> 10 | S126: =AVERAGEIF(G121:M161,P126,L121:L161) -> 0.21089032 | T126: 296000 | U126: =Q126/T126 -> 0.13513514
B127: 40352018 | C127: Md. Nur Mahamud | E127: Active | F127: Pioneer Denim Limited | G127: Audit | H127: Officer | I127: 35000 | J127: 3000 | L127: 0.085714286 | M127: 38000 | P127: Import | Q127: =SUMIF(G121:N161,P127,J121:J161) -> 14000 | R127: =COUNTIF(G121:G161,P127) -> 3 | S127: =AVERAGEIF(G121:M161,P127,L121:L161) -> 0.17222222 | T127: 98000 | U127: =Q127/T127 -> 0.14285714
B128: 20812016 | C128: Md. Yeakub Ali | E128: Active | F128: Pioneer Denim Limited | G128: Audit | H128: Executive | I128: 40000 | J128: 5000 | L128: 0.125 | M128: 45000 | P128: Customs | U128: 0
B129: 10092005 | C129: Md. Saifur Rahaman | E129: Active | F129: Pioneer Denim Limited | G129: Commercial | H129: Sr. Executive | I129: 47000 | J129: 5000 | L129: 0.10638298 | M129: 52000 | P129: Planning & Coordination | T129: 190000 | U129: =Q129/T129 -> 0
B130: 20152010 | C130: Md. Arif Hossain | E130: Active | F130: Pioneer Denim Limited | G130: Commercial | H130: Executive | I130: 25000 | J130: 4000 | L130: 0.16 | M130: 29000 | P130: Costing | Q130: =SUMIF(G121:N161,P130,J121:J161) -> 0 | R130: =COUNTIF(G121:G161,P130) -> 1 | S130: 0 | T130: 150000 | U130: =Q130/T130 -> 0
B131: 21182018 | C131: Md. Borhan Uddin | E131: Active | F131: Pioneer Denim Limited | G131: Commercial | H131: Executive | I131: 17000 | J131: 4000 | L131: 0.23529412 | M131: 21000 | P131: Information Technology | U131: 0
B132: 20102008 | C132: Prabir Das | E132: Active | F132: Pioneer Denim Limited | G132: Commercial | H132: Incharge | I132: 60000 | J132: 5000 | L132: 0.083333333 | M132: 65000 | P132: Administration | Q132: =SUMIF(G121:N161,P132,J121:J161) -> 18000 | R132: =COUNTIF(G121:G161,P132) -> 6 | S132: =AVERAGEIF(G121:M161,P132,L121:L161) -> 0.24522398 | T132: 97000 | U132: =Q132/T132 -> 0.18556701
B133: 10122006 | C133: Kh. Moyazzem Hossain | E133: Active | F133: Pioneer Denim Limited | G133: Commercial | H133: Executive | I133: 39000 | J133: 3000 | L133: 0.076923077 | M133: 42000 | Q133: =SUM(Q122:Q132) -> 190000 | R133: =SUM(R122:R132) -> 41 | S133: =AVERAGE(S122:S132) -> 0.17185728 | T133: =SUM(T122:T132) -> 3279000 | V133: =AVERAGE(U122:U132) -> 0.068618156
B134: 40322018 | C134: Nabil Hasan | E134: Active | F134: Pioneer Denim Limited | G134: Commercial | H134: Messenger | I134: 11000 | J134: 4000 | L134: 0.36363636 | M134: 15000 | Q134: =Q133/R133 -> 4634.1463
B135: 21402018 | C135: Jalal Ahmmed | E135: Active | F135: Pioneer Denim Limited | G135: Commercial | H135: Trainee Officer | I135: 15000 | J135: 5000 | L135: 0.33333333 | M135: 20000 | P135: Total Salary at Dec'19 | Q135: 3279000
B136: 40442018 | C136: Mohammad Tamjid Hasan | E136: Active | F136: Pioneer Denim Limited | G136: Commercial | H136: Trainee Officer | I136: 15000 | J136: 5000 | L136: 0.33333333 | M136: 20000 | P136: % against Total | Q136: =Q133/Q135 -> 0.057944495
B137: 40622019 | C137: Md. Munirul Islam | E137: Active | F137: Pioneer Denim Limited | G137: Commercial | H137: Trainee Officer | I137: 12000 | J137: 5000 | L137: 0.41666667 | M137: 17000
B138: 40562019 | C138: Mehedi Al Masud | E138: Active | F138: Pioneer Denim Limited | G138: Commercial | H138: Trainee Officer | I138: 15000 | J138: 0 | L138: 0 | M138: 15000
B139: 40602019 | C139: Mohammad Rafiqul Islam | E139: Active | F139: Pioneer Denim Limited | G139: Costing | H139: Head of Costing | I139: 150000 | J139: 0 | L139: 0 | M139: 150000
B140: 21042017 | C140: Mahbub Alam | E140: Active | F140: Pioneer Denim Limited | G140: Finance & Accounts | H140: Executive | I140: 35000 | J140: 5000 | L140: 0.14285714 | M140: 40000
A141: a | B141: 40312017 | C141: Md. Shahidul Islam | E141: Active | F141: Pioneer Denim Limited | G141: Finance & Accounts | H141: Assistant Manager | I141: 40000 | J141: 5000 | L141: 0.125 | M141: 45000
B142: 40512018 | C142: Mohammad Kamruzzaman Noman | E142: Active | F142: Pioneer Denim Limited | G142: Finance & Accounts | H142: Officer | I142: 25000 | J142: 5000 | L142: 0.2 | M142: 30000
B143: 40452018 | C143: Md. Mahmudul Hasan | E143: Active | F143: Pioneer Denim Limited | G143: Finance & Accounts | H143: Trainee Officer | I143: 16000 | J143: 6000 | L143: 0.375 | M143: 22000
B144: 40462018 | C144: Tariqul Islam | E144: Active | F144: Pioneer Denim Limited | G144: Finance & Accounts | H144: Trainee Officer | I144: 10000 | J144: 5000 | L144: 0.5 | M144: 15000
B145: 40712019 | C145: Chitta Ranjan Saha | E145: Active | F145: Pioneer Denim Limited | G145: Finance & Accounts | H145: Manager | I145: 65000 | J145: 15000 | L145: 0.23076923 | M145: 80000
B146: 10252008 | C146: Azmul Karim | E146: Active | F146: Pioneer Denim Limited | G146: Import | H146: Assistant Manager | I146: 40000 | J146: 6000 | L146: 0.15 | M146: 46000
B147: 10702016 | C147: Abdur Rahman | E147: Active | F147: Pioneer Denim Limited | G147: Import | H147: Executive | I147: 24000 | J147: 4000 | L147: 0.16666667 | M147: 28000
B148: 40392018 | C148: Kumar Pretresh Bhattacharjce | E148: Active | F148: Pioneer Denim Limited | G148: Import | H148: Executive | I148: 20000 | J148: 4000 | L148: 0.2 | M148: 24000
B149: 40362018 | C149: Md. Hasibul Huda | E149: Active | F149: Pioneer Denim Limited | G149: Marketing | H149: Deputy General Manager | I149: 350000 | J149: 0 | L149: 0 | M149: 350000
B150: 40052018 | C150: Atekur Rahman Nayim | E150: Active | F150: Pioneer Denim Limited | G150: Marketing | H150: ARM | I150: 55000 | J150: 13000 | L150: 0.23636364 | M150: 68000 | N150: AI: 5k, SP: 8k
B151: 40372018 | C151: Gazi Fayshal Ahmed | E151: Active | F151: Pioneer Denim Limited | G151: Marketing | H151: JRM | I151: 25000 | J151: 5000 | L151: 0.2 | M151: 30000
B152: 40432018 | C152: Md. Zahidur Rahman | E152: Active | F152: Pioneer Denim Limited | G152: Marketing | H152: ARM | I152: 40000 | J152: 10000 | L152: 0.25 | M152: 50000 | N152: AI: 4k, SP: 6k
B153: 40592019 | C153: Abrar Rahman Siam | E153: Active | F153: Pioneer Denim Limited | G153: Marketing | H153: JRM | I153: 18000 | J153: 7000 | L153: 0.38888889 | M153: 25000
B154: 40652019 | C154: Md. Arafat Hossain | E154: Active | F154: Pioneer Denim Limited | G154: Marketing | H154: ARM | I154: 55000 | J154: 0 | L154: 0 | M154: 55000
B155: 40612019 | C155: Ali Asrafuzzaman | E155: Active | F155: Pioneer Denim Limited | G155: Marketing | H155: JRM | I155: 15000 | J155: 5000 | L155: 0.33333333 | M155: 20000
B156: 10352009 | C156: Muhammad Ashraful Alam | E156: Active | F156: Pioneer Denim Limited | G156: Procurement | H156: Head of Procurement | I156: 45000 | J156: 10000 | L156: 0.22222222 | M156: 55000
B157: 10952017 | C157: Mohammad Mehedi Hasan | E157: Active | F157: Pioneer Denim Limited | G157: Procurement | H157: Jr. Executive | I157: 18000 | J157: 5000 | L157: 0.27777778 | M157: 23000
B158: 20692016 | C158: S.M. Mahdi Hasan | E158: Active | F158: Pioneer Denim Limited | G158: Procurement | H158: Executive | I158: 28000 | J158: 3000 | L158: 0.10714286 | M158: 31000
B159: 40422018 | C159: Md. Shohidulla Hassan | E159: Active | F159: Pioneer Denim Limited | G159: Procurement | H159: Trainee Officer | I159: 18000 | J159: 5000 | L159: 0.27777778 | M159: 23000
B160: 40522018 | C160: Md. Mizanur Rahman | E160: Active | F160: Pioneer Denim Limited | G160: Procurement | H160: Assistant Manager | I160: 37000 | J160: 3000 | L160: 0.081081081 | M160: 40000
B161: 40502018 | C161: Shamsuzzaman | E161: Active | F161: Pioneer Denim Limited | G161: Procurement | H161: Executive | I161: 30000 | J161: 3000 | L161: 0.1 | M161: 33000
I162: =SUM(I121:I161) -> 1569000 | J162: =SUM(J121:J161) -> 190000 | L162: =AVERAGE(L121:L161) -> 0.20380102
B164: 30250000 | C164: Md. Habibur Rahman Siddique | E164: Active | F164: PKBDL | G164: Customs | H164: Manager | I164: 52000 | J164: 8000 | L164: 0.15384615 | M164: 60000
B165: 30702018 | C165: Md. Humayun Kobir | E165: Active | F165: PKBDL | G165: Customs | H165: Executive | I165: 24000 | J165: 6000 | L165: 0.25 | M165: 30000
B166: 30482016 | C166: Md. Mohin | E166: Active | F166: PKBDL | G166: Utility | H166: Electrician | I166: 21000 | J166: 2000 | L166: 0.095238095 | M166: 23000

Sheet 2017
A1: SL | B1: ID | C1: Name | D1: DOJ | E1: Increment_16 | F1: Emp_Status | G1: Business_Unit_17 | H1: Department_17 | I1: Position_17 | J1: Increment_17 | K1: Promotion_17 | L1: Salary_17 | M1: Remarks_17
B2: 10062011 | C2: Md. Kamruzzaman | E2: 9000 | F2: Active | G2: BTL/KYL | H2: Marketing & Sales | I2: Manager | J2: 10000 | L2: 102000
B3: 20042012 | C3: Mohammed Nurul Akter Chowdhury | E3: 5000 | F3: Active | G3: BTL/KYL | H3: Marketing & Sales | I3: Manager | J3: 10000 | L3: 100000
B4: 10042008 | C4: Liton Apu Biswas | E4: 3000 | F4: Active | G4: BTL/KYL | H4: Marketing & Sales | I4: Manager | J4: 10000 | L4: 100000
B5: 10052012 | C5: Md. Abdul Maleque | E5: 10000 | F5: Active | G5: BTL/KYL | H5: Marketing & Sales | I5: Manager | J5: 10000 | L5: 90000
B6: 20532015 | C6: Md. Mahmudul Alam Chapol | E6: 5000 | F6: Active | G6: BTL/KYL | H6: Marketing & Sales | I6: Assistant Manager | J6: 5000 | L6: 60000
B7: 21072016 | C7: Md. Alamgir Mia | E7: 0 | F7: Active | G7: BTL/KYL | H7: Marketing & Sales | I7: Assistant Manager | L7: 54000
B8: 10132009 | C8: Ahsan Shiblee | E8: 4000 | F8: Active | G8: BTL/KYL | H8: Marketing & Sales | I8: Assistant Manager | J8: 5000 | L8: 45000
B9: 20092008 | C9: Khandker Mustafizur Rahman | E9: 7000 | F9: Active | G9: BTL/KYL | H9: Marketing & Sales | I9: Assistant Manager | J9: 7000 | L9: 62000
B10: 10582007 | C10: Md. Mahabubur Rahman | E10: 2000 | F10: Active | G10: BTL/KYL | H10: Marketing & Sales | I10: Assistant Manager | J10: 3000 | L10: 35000
B11: 10782016 | C11: Mohammad Kawsar Molla | E11: 0 | F11: Active | G11: BTL/KYL | H11: Finance & Accounts | I11: Head of Finance & Accounts | J11: 0 | L11: 180000
B12: 21152017 | C12: Mir Muhshiuzzaman | E12: 0 | F12: Active | G12: BTL/KYL | H12: Finance & Accounts | I12: Manager | J12: 5000 | L12: 105000
B13: 20332017 | C13: Moniruzzaman | E13: 0 | F13: Active | G13: BTL/KYL | H13: Finance & Accounts | I13: Assistant Manager | J13: 7000 | L13: 67000
B14: 20342009 | C14: Mohammad Shawkot Alam | E14: 4000 | F14: Active | G14: BTL/KYL | H14: Finance & Accounts | I14: Executive | J14: 3000 | K14: Sr. Executive | L14: 47000
B15: 10752016 | C15: Md. Sharforaz Hossain | E15: 0 | F15: Active | G15: BTL/KYL | H15: Finance & Accounts | I15: Officer | J15: 7000 | K15: Executive | L15: 35000
B16: 10732016 | C16: Md. Bablu | E16: 0 | F16: Active | G16: BTL/KYL | H16: Finance & Accounts | I16: Officer | J16: 7000 | K16: Executive | L16: 33000
B17: 20302005 | C17: Md. Ruhul Amin | E17: 1000 | F17: Active | G17: BTL/KYL | H17: Finance & Accounts | I17: Executive | J17: 2000 | L17: 46000
B18: 10392012 | C18: Md. Abdul Motin | E18: 1000 | F18: Active | G18: BTL/KYL | H18: Finance & Accounts | I18: Jr. Officer | J18: 3000 | K18: Officer | L18: 33000
B19: 10402012 | C19: Md. Rofiqul Islam | E19: 3000 | F19: Active | G19: BTL/KYL | H19: Finance & Accounts | I19: Jr. Executive | J19: 4000 | K19: Officer | L19: 36000
B20: 10722016 | C20: Muhammad Masum Billah | E20: 3000 | F20: Active | G20: BTL/KYL | H20: Finance & Accounts | I20: Jr. Officer | J20: 3000 | L20: 30000
B21: 10692016 | C21: Md. Oaliullah | E21: 5000 | F21: Active | G21: BTL/KYL | H21: Finance & Accounts | I21: Executive | J21: 6000 | L21: 26000
B22: 20932017 | C22: Md. Humayun Kabir | E22: 0 | F22: Active | G22: BTL/KYL | H22: Finance & Accounts | I22: Executive | J22: 5000 | L22: 25000 | M22: Special 5,000
B23: 20992017 | C23: Mostafizur Rahman | E23: 8000 | F23: Active | G23: BTL/KYL | H23: Finance & Accounts | I23: Trainee Officer | J23: 3000 | K23: Jr. Officer | L23: 23000
B24: 21212018 | C24: Md. Shahadat Hossain | E24: 0 | F24: Active | G24: BTL/KYL | H24: Finance & Accounts | I24: Trainee Officer | J24: 2000 | L24: 20000 | M24: Special 3,000
B25: 21322018 | C25: Md. Ridoy Masud Bhuiyan | F25: Active | G25: BTL/KYL | H25: Finance & Accounts | I25: Officer | J25: 2000 | K25: - | L25: 18000 | M25: Special 3,000
B26: 11012018 | C26: Mohammad Kabir Hossain | E26: 0 | F26: Active | G26: BTL/KYL | H26: Audit | I26: Head of Audit | J26: 0 | L26: 150000
B27: 20282010 | C27: Md. Mehedi Hasan | E27: 0 | F27: Active | G27: BTL/KYL | H27: Audit | I27: Sr. Executive | J27: 5000 | L27: 61000
B28: 21132017 | C28: Md. Moniruzzaman | E28: 0 | F28: Active | G28: BTL/KYL | H28: Audit | I28: Sr. Executive | J28: 5000 | L28: 45000
B29: 30572016 | C29: Md. Abdus Sabur Talukder | E29: 0 | F29: Active | G29: BTL/KYL | H29: Audit | I29: Sr. Officer | J29: 4000 | L29: 30000
B30: 20982017 | C30: Gobinda Chandra Dey | E30: 5000 | F30: Active | G30: BTL/KYL | H30: Audit | I30: Executive | J30: 5000 | L30: 40000
B31: 10712016 | C31: Md. Amin Ullah | E31: 7000 | F31: Active | G31: BTL/KYL | H31: Export Import Audit | I31: Executive | J31: 7000 | L31: 42000
B32: 20352011 | C32: Md. Safiul Muznabin | E32: 1000 | F32: Active | G32: BTL/KYL | H32: Export Import Audit | I32: Jr. Officer | J32: 3000 | L32: 33000
B33: 21232018 | C33: Md. Shafiqul Islam | E33: 0 | F33: Active | G33: BTL/KYL | H33: Export Import Audit | I33: Trainee Officer | J33: 3000 | L33: 20000
B34: 20842017 | C34: Yousuf Ahmmed | E34: 4000 | F34: Active | G34: BTL/KYL | H34: Export Import Audit | I34: Officer | J34: 7000 | L34: 25000
B35: 11092018 | C35: Mosharraf Hossain Chowdhury (Faisal) | E35: 0 | F35: Inactive | G35: Inactive | H35: Inactive | I35: Inactive | J35: 0 | K35: Inactive | L35: 0 | M35: Inactive
B36: 30211994 | C36: Ashadullaha Ahamed | E36: 2000 | F36: Active | G36: BTL/KYL | H36: Import | I36: Incharge | J36: 3000 | L36: 65000
B37: 10252008 | C37: Azmul Karim | E37: 1000 | F37: Active | G37: BTL/KYL | H37: Import | I37: Executive | J37: 3000 | L37: 40000
B38: 21032017 | C38: Md. Moshiur Rahman | E38: 0 | F38: Active | G38: BTL/KYL | H38: Import | I38: Trainee Officer | J38: 5000 | L38: 20000
B39: 30150000 | C39: Md. Rabiul Alam | E39: 1000 | F39: Active | G39: BTL/KYL | H39: Procurement | I39: Head of Procurement | J39: 3000 | L39: 84000
B40: 10882017 | C40: Md. Farid Uddin | E40: 0 | F40: Active | G40: BTL/KYL | H40: Procurement | I40: ? | J40: 3000 | L40: 18000
B41: 10242004 | C41: Md. Obydul | E41: 1000 | F41: Active | G41: BTL/KYL | H41: Procurement | I41: Executive | J41: 3000 | L41: 34000
B42: 20922016 | C42: Md. Mosharaf Hossain | E42: 0 | F42: Active | G42: BTL/KYL | H42: Procurement | I42: Jr. Officer | J42: 4000 | L42: 22000
B43: 10852017 | C43: Mohammad Shamsul Alam | E43: 2000 | F43: Active | G43: BTL/KYL | H43: Procurement | I43: Executive | J43: 1000 | L43: 28000
B44: 20242005 | C44: Md. Mustafizur Rahman | E44: 1000 | F44: Active | G44: BTL/KYL | H44: Procurement | I44: Officer | J44: 3000 | L44: 32000
B45: 10982017 | C45: Md. Nayem Hasan Khan Majlish | E45: 0 | F45: Active | G45: BTL/KYL | H45: Procurement | I45: Assistant Officer | J45: 5000 | L45: 20000
B46: 21272018 | C46: Md. Rezaul Karim | E46: 0 | F46: Active | G46: BTL/KYL | H46: Procurement | I46: Trainee Officer | J46: 0 | L46: 15000
B47: 10762016 | C47: Md. Rashid Ahmed | E47: 2000 | F47: Active | G47: BTL/KYL | H47: Information Technology | I47: Officer | J47: 6000 | L47: 26000
B48: 21002017 | C48: Md. Nahid Aktar | F48: Active | G48: BTL/KYL | H48: Information Technology | I48: Programmer | J48: 2000 | L48: 40000
B49: 21052017 | C49: Md. Neshan Sardar | E49: 10000 | F49: Active | G49: BTL/KYL | H49: Information Technology | I49: Programmer | J49: 3000 | L49: 40000
B50: 21202018 | C50: Md. Abdullah Al Noman | E50: 0 | F50: Active | G50: BTL/KYL | H50: Information Technology | I50: Executive | J50: 0 | L50: 37000
B51: 20072000 | C51: Rakibul Hasan Chowdhury | E51: 2000 | F51: Active | G51: BTL/KYL | H51: Commercial | I51: Incharge | J51: 3000 | L51: 55000
B52: 10092005 | C52: Md. Saifur Rahaman | E52: 1000 | F52: Active | G52: BTL/KYL | H52: Commercial | I52: Sr. Executive | J52: 3000 | L52: 47000
B53: 20122009 | C53: Syed Mahmood Hassan | E53: 1000 | F53: Active | G53: BTL/KYL | H53: Commercial | I53: ? | J53: 3000 | K53: Jr. Officer | L53: 35000
B54: 21142017 | C54: Sohebul Islam | E54: 5000 | F54: Active | G54: BTL/KYL | H54: Commercial | I54: Jr. Officer | J54: 7000 | L54: 22000
B55: 10542014 | C55: Md. Foysal Hassan | E55: 2000 | F55: Active | G55: BTL/KYL | H55: Commercial | I55: Executive | J55: 5000 | L55: 25000
B56: 10192011 | C56: Md. Kamal Ahmed | E56: 1000 | F56: Active | G56: BTL/KYL | H56: Commercial | I56: ? | J56: 5000 | K56: Jr. Officer | L56: 27000
B57: 20062000 | C57: Asraful Islam | E57: 0 | F57: Active | G57: BTL/KYL | H57: Commercial | I57: Incharge | J57: 3000 | L57: 63000
B58: 10112004 | C58: Mohmmad Omar Faruque | E58: 1000 | F58: Active | G58: BTL/KYL | H58: Commercial | I58: Executive | J58: 3000 | L58: 35000
B59: 20172012 | C59: Md. Al-Amin Khan | E59: 2000 | F59: Active | G59: BTL/KYL | H59: Commercial | I59: Executive | J59: 3000 | L59: 26000
B60: 20152010 | C60: Md. Arif Hossain | E60: 1000 | F60: Active | G60: BTL/KYL | H60: Commercial | I60: Executive | J60: 3000 | L60: 25000
B61: 21312018 | C61: Muhammad Milon Hossain Molla | E61: 0 | F61: Inactive | G61: Inactive | H61: Inactive | I61: Inactive | J61: 0 | K61: Inactive | L61: 0
B62: 10202011 | C62: Muhammad Momin Hossen | E62: 1000 | F62: Active | G62: BTL/KYL | H62: Commercial | I62: Executive | J62: 3000 | L62: 22000
B63: 10212011 | C63: Md. Shakamal | E63: 1000 | F63: Active | G63: BTL/KYL | H63: Commercial | I63: ? | J63: 3000 | L63: 22000
B64: 10222012 | C64: =VLOOKUP(B64,[1]BTL!$C:$J,8,FALSE) -> Ashiqur Rahman Robin | E64: 1000 | F64: Active | G64: BTL/KYL | H64: Commercial | I64: ? | J64: 3000 | L64: 22000
B65: 10522014 | C65: Arshadul Haque Molla | E65: 1000 | F65: Active | G65: BTL/KYL | H65: Commercial | I65: ? | J65: 3000 | L65: 20000
B66: 20892017 | C66: Mahamudun Nabi Ove | E66: 0 | F66: Active | G66: BTL/KYL | H66: Commercial | I66: Jr. Executive | J66: 3000 | L66: 15000
B67: 10602007 | C67: Md. Aminul Islam | E67: 1000 | F67: Active | G67: BTL/KYL | H67: Commercial | I67: Messenger | J67: 2000 | L67: 18000
B68: 21182018 | C68: Md. Borhan Uddin | E68: 0 | F68: Active | G68: BTL/KYL | H68: Commercial | I68: Executive | J68: 2000 | L68: 17000
B69: 10022004 | C69: Sheikh Salahuddin | E69: 0 | F69: Active | G69: BTL/KYL | H69: Commercial | I69: General Manager | J69: 0 | L69: 175000
B70: 20102008 | C70: Prabir Das | E70: 5000 | F70: Active | G70: BTL/KYL | H70: Commercial | I70: Incharge | J70: 10000 | L70: 60000
B71: 20142012 | C71: Suman Chandra Malo | E71: 2000 | F71: Active | G71: BTL/KYL | H71: Commercial | I71: Executive | J71: 7000 | L71: 35000
B72: 21162017 | C72: Md. Anowarul Hoque Khan | E72: 0 | F72: Active | G72: BTL/KYL | H72: Commercial | I72: Trainee Officer | J72: 5000 | L72: 25000
B73: 20762016 | C73: Foysal Hossen | E73: 3000 | F73: Active | G73: BTL/KYL | H73: Commercial | I73: ? | J73: 5000 | K73: Jr. Officer | L73: 25000
B74: 11262018 | C74: Md. Tanmoy Bhuiyan | E74: 0 | F74: Inactive | G74: Inactive | H74: Inactive | I74: Inactive | J74: 0 | K74: Inactive | L74: 0
B75: 11132018 | C75: Md. Kamruzzaman Azad | E75: 0 | F75: Inactive | G75: Inactive | H75: Inactive | I75: Inactive | J75: 0 | K75: Inactive | L75: 0
B76: 10182011 | C76: Md. Rokunuzzaman Prince | E76: 3000 | F76: Active | G76: BTL/KYL | H76: Commercial | I76: ? | J76: 6000 | L76: 34000
B77: 20542015 | C77: Md. Selim Suzan | E77: 2000 | F77: Active | G77: BTL/KYL | H77: Commercial | I77: ? | J77: 5000 | L77: 27000
B78: 10152009 | C78: Md. Mustafa Kamal | E78: 1000 | F78: Active | G78: BTL/KYL | H78: Commercial | I78: ? | J78: 4000 | L78: 29000
B79: 20162010 | C79: Raihan Mahmud | E79: 2000 | F79: Active | G79: BTL/KYL | H79: Commercial | I79: Executive | J79: 4000 | L79: 31000
B80: 10812016 | C80: Tayubur Rahman | E80: 0 | F80: Active | G80: BTL/KYL | H80: Commercial | I80: Jr. Officer | J80: 6000 | L80: 16000
B81: 20822016 | C81: Md. Arifuzzaman | E81: 0 | F81: Active | G81: BTL/KYL | H81: Commercial | I81: Jr. Officer | J81: 5000 | L81: 17000
B82: 21222018 | C82: Md. Najmul Hushain | E82: 0 | F82: Active | G82: BTL/KYL | H82: Commercial | I82: Trainee Officer | J82: 3000 | L82: 23000
B83: 21282018 | C83: Md. Zahidul Islam | E83: 0 | F83: Active | G83: BTL/KYL | H83: Commercial | I83: Trainee Officer | J83: 3000 | L83: 18000
B84: 20462013 | C84: Pervez Mia | E84: 1000 | F84: Active | G84: BTL/KYL | H84: Commercial | I84: ? | J84: 3000 | L84: 20000
B85: 10412012 | C85: Md. Abdul Karim | E85: 1000 | F85: Active | G85: BTL/KYL | H85: Commercial | I85: ? | J85: 3000 | L85: 21000
B86: 11042018 | C86: S.M. Nuruddin Chowdhury | E86: 0 | F86: Inactive | G86: Inactive | H86: Inactive | I86: Inactive | J86: 0 | K86: Inactive | L86: 0
B87: 11122018 | C87: Md. Mohibullah | E87: 0 | F87: Inactive | G87: Inactive | H87: Inactive | I87: Inactive | J87: 0 | K87: Inactive | L87: 0
B88: 11252018 | C88: Md. Mohibur Rahman | E88: 0 | F88: Inactive | G88: Inactive | H88: Inactive | I88: Inactive | J88: 0 | K88: Inactive | L88: 0
B89: 10702016 | C89: Abdur Rahman | E89: 5000 | F89: Active | G89: BTL/KYL | H89: Commercial | I89: Jr. Officer | J89: 4000 | L89: 24000
B90: 10122006 | C90: Kh. Moyazzem Hossain | E90: 0 | F90: Active | G90: BTL/KYL | H90: Commercial | I90: Executive | J90: 4000 | L90: 39000
B91: 20652014 | C91: Md. Khurshid Alam | E91: 10000 | F91: Active | G91: BTL/KYL | H91: Civil | I91: Deputy General Manager | J91: 40000 | L91: 150000
B92: 20702016 | C92: Mohammad Rajibur Rahman | E92: 0 | F92: Active | G92: BTL/KYL | H92: Civil | I92: ? | J92: 0 | L92: 120000
B93: 10672016 | C93: Abdullah Al Arif | E93: 0 | F93: Active | G93: BTL/KYL | H93: Administration | I93: Assistant Manager | J93: 2000 | L93: 42000
B94: 10081999 | C94: Md. Bakiullah | E94: 2000 | F94: Active | G94: BTL/KYL | H94: Administration | I94: ? | J94: 2000 | L94: 52000
B95: 20912016 | C95: Habibullah | E95: 5000 | F95: Active | G95: BTL/KYL | H95: Administration | I95: Executive | J95: 2000 | L95: 35000
B96: 10962017 | C96: Md. Faruk Reza | E96: 0 | F96: Active | G96: BTL/KYL | H96: Administration | I96: Officer | J96: 0 | L96: 55000
B97: 11242018 | C97: Md. Towfiqul Islam | E97: 0 | F97: Inactive | G97: Inactive | H97: Inactive | I97: Inactive | J97: 0 | K97: Inactive | L97: 0
B98: 11002017 | C98: Md. Al Amin Ahmed | E98: 0 | F98: Active | G98: BTL/KYL | H98: Administration | I98: Assistant Manager | J98: 0 | L98: 40000
B99: 10172019 | C99: Md. Mokhlesur Rahman Masum | E99: 3000 | F99: Active | G99: BTL/KYL | H99: Administration | I99: Manager - Protocol | J99: 4000 | L99: 37000
B100: 20862017 | C100: Md. Shamim Hossain | E100: 0 | F100: Active | G100: BTL/KYL | H100: Administration | I100: ? | J100: 3000 | L100: 18000
...

Sheet 2020_BTL
A1: SL | B1: ID | C1: Name | D1: DOJ | E1: Employment | F1: Business_Unit_20 | G1: Department_20 | H1: Position_20 | I1: Previous Salary | J1: Increment_20 | K1: Promotion_20 | L1: Perc_20 | M1: Salary_20 | N1: Remarks_20
B2: 20862017 | C2: Md. Shamim Hossain | E2: Active | F2: BTL/KYL | G2: Administration | H2: ? | I2: 24000 | J2: 6000 | L2: 0.25 | M2: 30000
B3: 21062016 | C3: Md. Shahin Alom | E3: Active | F3: BTL/KYL | G3: Administration | H3: Receptionist | I3: 22000 | J3: 7000 | L3: 0.31818182 | M3: 29000
B4: 10431999 | C4: Md. Azam Pasha | E4: Active | F4: BTL/KYL | G4: Administration | H4: Peon | I4: 18000 | J4: 2000 | L4: 0.11111111 | M4: 20000
B5: 10632016 | C5: Abul Bashar Sheikh | E5: Active | F5: BTL/KYL | G5: Administration | H5: Cleaner | I5: 15000 | J5: 2000 | L5: 0.13333333 | M5: 17000
B6: 20420000 | C6: Md. Anis Miah | E6: Active | F6: BTL/KYL | G6: Administration | H6: Peon | I6: 16000 | J6: 2000 | L6: 0.125 | M6: 18000
B7: 21082017 | C7: Md. Alamgir Hossain | E7: Active | F7: BTL/KYL | G7: Administration | H7: Peon | I7: 13000 | J7: 3000 | L7: 0.23076923 | M7: 16000
B8: 20872017 | C8: Mamun Hossen | E8: Active | F8: BTL/KYL | G8: Administration | H8: Peon | I8: 13000 | J8: 3000 | L8: 0.23076923 | M8: 16000
B9: 20412000 | C9: Md. Tamiz Uddin | E9: Active | F9: BTL/KYL | G9: Administration | H9: Cook | I9: 16000 | J9: 2000 | L9: 0.125 | M9: 18000
B10: 20442006 | C10: Md. Kabir | E10: Active | F10: BTL/KYL | G10: Administration | H10: Cook | I10: 16000 | J10: 2000 | L10: 0.125 | M10: 18000
B11: 21012017 | C11: Md. Foysal Hossen | E11: Active | F11: BTL/KYL | G11: Administration | H11: Asst. Cook | I11: 12000 | J11: 2000 | L11: 0.16666667 | M11: 14000
B12: 21022017 | C12: Md. Sohel Hossen | E12: Active | F12: BTL/KYL | G12: Administration | H12: Peon | I12: 12000 | J12: 2000 | L12: 0.16666667 | M12: 14000
B13: 11082018 | C13: Md. Miraz Molla | E13: Active | F13: BTL/KYL | G13: Administration | H13: Receiptionist | I13: 15000 | J13: 5000 | L13: 0.33333333 | M13: 20000
... B16: 21442018 | C16: Dinaj Mia | E16: Active | F16: BTL/KYL | G16: Administration | H16: Peon | I16: 10000 | J16: 2000 | L16: 0.2 | M16: 12000
B17: 11352020 | C17: Abdullah Al Arif | E17: Active | F17: BTL/KYL | G17: Administration | H17: Manager | I17: 50000 | J17: 8000 | L17: 0.16 | M17: 50000 | N17: Sp: 8k
B18: 21712019 | C18: Md. Shahjahan Mia | E18: Active | F18: BTL/KYL | G18: Administration | H18: Security | I18: 30000 | J18: 2000 | L18: 0.066666667 | M18: 32000
B19: 11482020 | C19: Dewan Md. Liaqat Ali | E19: Active | F19: BTL/KYL | G19: Administration | H19: Head of Administration | I19: 150000 | J19: 0 | L19: 0 | M19: 150000
B20: 21852020 | C20: S. M. Arif Ahmed | E20: Active | F20: BTL/KYL | G20: Administration | H20: Manager | I20: 50000 | J20: 0 | L20: 0 | M20: 50000
B21: 21662019 | C21: Md. Sakawat Hossain Apon | E21: Active | F21: BTL/KYL | G21: Administration | H21: Peon | I21: 11000 | J21: 2000 | L21: 0.18181818 | M21: 13000
B22: 21702019 | C22: Md. Riad Hossain | E22: Active | F22: BTL/KYL | G22: Administration | H22: Peon | I22: 10000 | J22: 2000 | L22: 0.2 | M22: 12000
B23: 21492019 | C23: Imam Hossain | E23: Active | F23: BTL/KYL | G23: Administration | H23: Asst. Cook | I23: 10000 | J23: 2000 | L23: 0.2 | M23: 12000
B24: 21592019 | C24: Md. Sohag Hossain | E24: Active | F24: BTL/KYL | G24: Administration | H24: Asst. Cook | I24: 8000 | J24: 3000 | L24: 0.375 | M24: 11000
B25: 21652019 | C25: Md. Mostafa Kamal | E25: Active | F25: BTL/KYL | G25: Administration | H25: Asst. Cook | I25: 9000 | J25: 2000 | L25: 0.22222222 | M25: 11000
B26: 21672019 | C26: Md. Salim Miha | E26: Active | F26: BTL/KYL | G26: Administration | H26: Asst. Cook | I26: 9000 | J26: 2000 | L26: 0.22222222 | M26: 11000
B27: 11012018 | C27: Mohammad Kabir Hossain | E27: Active | F27: BTL/KYL | G27: Audit | H27: Head of Audit | I27: 155000 | J27: 15000 | L27: 0.096774194 | M27: 170000
B28: 20282010 | C28: Md. Mehedi Hasan | E28: Active | F28: BTL/KYL | G28: Audit | H28: Sr. Executive | I28: 66000 | J28: 12000 | L28: 0.18181818 | M28: 78000
B29: 21132017 | C29: Md. Moniruzzaman | E29: Active | F29: BTL/KYL | G29: Audit | H29: Sr. Executive | I29: 50000 | J29: 10000 | L29: 0.2 | M29: 60000
... B31: 21452019 | C31: Md. Masum Billah | E31: Active | F31: BTL/KYL | G31: Audit | H31: Audit Assistant | I31: 16000 | J31: 5000 | L31: 0.3125 | M31: 21000
B32: 11432020 | C32: Md. Azam Ali | E32: Active | F32: BTL/KYL | G32: Audit | H32: Executive | I32: 35000 | J32: 0 | M32: 35000
B33: 20072000 | C33: Rakibul Hasan Chowdhury | E33: Active | F33: BTL/KYL | G33: Commercial | H33: Incharge | I33: 59000 | J33: 8000 | L33: 0.13559322 | M33: 67000
B34: 20122009 | C34: Syed Mahmood Hassan | E34: Active | F34: BTL/KYL | G34: Commercial | H34: Jr. Officer | I34: 41000 | J34: 5000 | L34: 0.12195122 | M34: 46000
B35: 21142017 | C35: Sohebul Islam | E35: Active | F35: BTL/KYL | G35: Commercial | H35: Jr. Officer | I35: 27000 | J35: 8000 | L35: 0.2962963 | M35: 35000
B36: 10542014 | C36: Md. Foysal Hassan | E36: Active | F36: BTL/KYL | G36: Commercial | H36: Executive | I36: 29000 | J36: 6000 | L36: 0.20689655 | M36: 35000
B37: 10192011 | C37: Md. Kamal Ahmed | E37: Active | F37: BTL/KYL | G37: Commercial | H37: Jr. Officer | I37: 32000 | J37: 6000 | L37: 0.1875 | M37: 38000
B38: 20062000 | C38: Asraful Islam | E38: Active | F38: BTL/KYL | G38: Commercial | H38: Incharge | I38: 68000 | J38: 12000 | L38: 0.17647059 | M38: 80000
B39: 21312018 | C39: Muhammad Milon Hossain Molla | E39: Active | F39: BTL/KYL | G39: Commercial | H39: Trainee Officer | I39: 20000 | J39: 6000 | L39: 0.3 | M39: 26000
B40: 10212011 | C40: Md. Shakamal | E40: Active | F40: BTL/KYL | G40: Commercial | H40: ? | I40: 27000 | J40: 5000 | L40: 0.18518519 | M40: 32000
B41: 10222012 | C41: Ashiqur Rahman Robin | E41: Active | F41: BTL/KYL | G41: Commercial | H41: ? | I41: 30000 | J41: 5000 | L41: 0.16666667 | M41: 35000
B42: 10522014 | C42: Arshadul Haque Molla | E42: Active | F42: BTL/KYL | G42: Commercial | H42: ? | I42: 23000 | J42: 5000 | L42: 0.2173913 | M42: 28000
B43: 20892017 | C43: Mahamudun Nabi Ove | E43: Active | F43: BTL/KYL | G43: Commercial | H43: Jr. Executive | I43: 20000 | J43: 5000 | L43: 0.25 | M43: 25000
B44: 10602007 | C44: Md. Aminul Islam | E44: Active | F44: BTL/KYL | G44: Commercial | H44: ? | I44: 22000 | J44: 3000 | L44: 0.13636364 | M44: 25000
... B118: 11462020 | C118: Md. Tuffazzal Hussain | E118: Active | F118: BTL/KYL | G118: Estate & Legal | H118: Assistant Manager | I118: 50000 | J118: 0 | L118: 0 | M118: 50000
B119: 21252018 | C119: Md. Shazib Madbar | E119: Active | F119: BTL/KYL | G119: Transport | H119: Driver | I119: 19000 | J119: 1000 | L119: 0.052631579 | M119: 20000 | N119: A
B120: 20522011 | C120: Md. Lokman Hossain | E120: Active | F120: BTL/KYL | G120: Transport | H120: Driver | I120: 19000 | J120: 1000 | L120: 0.052631579 | M120: 20000 | N120: A
B121: 21242018 | C121: Md. Rubel | E121: Active | F121: BTL/KYL | G121: Transport | H121: Driver | I121: 19000 | J121: 1000 | L121: 0.052631579 | M121: 20000 | N121: A
B122: 10612015 | C122: Md. Abu Hanif | E122: Active | F122: BTL/KYL | G122: Transport | H122: Driver | I122: 19000 | J122: 1000 | L122: 0.052631579 | M122: 20000 | N122: A
B123: 21642019 | C123: Sabuj (Md. Saiful) | E123: Active | F123: BTL/KYL | G123: Transport | H123: Driver | I123: 19000 | J123: 1000 | L123: 0.052631579 | M123: 20000 | N123: A
B124: 21562019 | C124: Md. Imran Hossain | E124: Active | F124: BTL/KYL | G124: Transport | H124: Driver | I124: 19000 | J124: 1000 | L124: 0.052631579 | M124: 20000 | N124: A
B125: 21622019 | C125: Abdul Rahim | E125: Active | F125: BTL/KYL | G125: Transport | H125: Driver | I125: 19000 | J125: 1000 | L125: 0.052631579 | M125: 20000 | N125: A
B126: 21632019 | C126: Md. Zillur Rahman | E126: Active | F126: BTL/KYL | G126: Transport | H126: Driver | I126: 19000 | J126: 1000 | L126: 0.052631579 | M126: 20000 | N126: A
B127: 21682019 | C127: Md Shafiqul Islam | E127: Active | F127: BTL/KYL | G127: Transport | H127: Driver | I127: 19000 | J127: 1000 | L127: 0.052631579 | M127: 20000 | N127: A
B128: 21862021 | C128: Md. Abul Bashar Nasir | E128: Active | F128: BTL/KYL | G128: Transport | H128: Driver | I128: 19000 | J128: 1000 | L128: 0.052631579 | M128: 20000 | N128: A
B129: 21532019 | C129: Zafor Ahammad | E129: Active | F129: BTL/KYL | G129: Transport | H129: Driver | I129: 18000 | J129: 2000 | L129: 0.11111111 | M129: 20000 | N129: A
B130: 21832020 | C130: Md. Suzad Shek | E130: Active | F130: BTL/KYL | G130: Transport | H130: Driver | I130: 18000 | J130: 2000 | L130: 0.11111111 | M130: 20000 | N130: A
... B132: 21732020 | C132: Md. Mainuddin | E132: Active | F132: BTL/KYL | G132: Transport | H132: Driver | I132: 17000 | J132: 2000 | L132: 0.11764706 | M132: 19000 | N132: B
B133: 21422018 | C133: Md. Karimul | E133: Active | F133: BTL/KYL | G133: Administration | H133: Lift Man | I133: 16000 | J133: 2000 | L133: 0.125 | M133: 18000
B134: 30482016 | C134: Md. Mohin | E134: Active | F134: BTL/KYL | G134: Administration | H134: Electrician | I134: 23000 | J134: 2000 | L134: 0.086956522 | M134: 25000
G136: Amount | H136: No's | I136: increment % | J136: Salary Dec'20 | K136: % in Total
F137: Marketing & Sales | G137: =SUMIF(G2:N134,F137,J2:J134) -> 173000 | H137: =COUNTIF(G2:G134,F137) -> 10 | I137: 0.19840872 | J137: 1620000 | K137: 0.071604938
F138: Finance & Accounts | G138: =SUMIF(G2:N134,F138,J2:J134) -> 167000 | I138: 0.22847122 | J138: 432000 | K138: 0.14351852
F139: Audit | G139: =SUMIF(G2:N134,F139,J2:J134) -> 52000 | I139: 0.044444444 | J139: 214000 | K139: 0.037383178
F140: Export Import Audit | G140: =SUMIF(G2:N134,F140,J2:J134) -> 59000 | I140: 0.18954816 | J140: 225000 | K140: 0.19111111
F141: Procurement | G141: =SUMIF(G2:N134,F141,J2:J134) -> 42000 | I141: 0.30007728 | J141: 386000 | K141: 0.22279793
F142: Commercial | G142: =SUMIF(G2:N134,F142,J2:J134) -> 191000 | I142: 0.29589372 | J142: 89000 | K142: 0.29213483
F143: Import | G143: =SUMIF(G2:N134,F143,J2:J134) -> 62000 | I143: 0.16666667 | J143: 90000 | K143: 0.16666667
F144: Estate & Legal | G144: =SUMIF(G2:N134,F144,J2:J134) -> 27000 | I144: 0.098941005 | J144: 190000 | K144: 0.089473684
F145: Administration | G145: =SUMIF(G2:N134,F145,J2:J134) -> 71000 | I145: 0.02 | J145: 192000 | K145: 0.015625
F146: Transport | G146: =SUMIF(G2:N134,F146,J2:J134) -> 17000 | I146: 0 | J146: 155000 | K146: 0
F147: Information Technology | G147: =SUMIF(G2:N134,F147,J2:J134) -> 5000 | I147: 0.16020408 | J147: 71000 | K147: 0.21126761
J148: 3664000
